,MKT_CAP_ARD
2011-04-01,12553391023276.998
2011-04-06,12584254846520.0
2011-04-07,12565238818857.998
2011-04-08,12515431546524.0
2011-04-11,12481298921917.0
2011-04-12,12386871442239.0
2011-04-13,12391744154502.0
2011-04-14,12391559920178.0
2011-04-15,12434584590546.0
2011-04-18,12297872081663.0
2011-04-19,12366970585140.0
2011-04-20,12542313699884.0
2011-04-21,12606201148462.0
2011-04-22,12605282277020.0
2011-04-25,12581913012988.0
2011-04-26,12693219586380.0
2011-04-27,12774369832003.0
2011-04-28,12818709370564.0
2011-04-29,12862991856177.002
2011-05-03,12804138480488.0
2011-05-04,12718738666824.998
2011-05-05,12604003050832.0
2011-05-06,12651789024234.0
2011-05-09,12705576119589.0
2011-05-10,12808243920240.0
2011-05-11,12668313348502.0
2011-05-12,12732865387119.998
2011-05-13,12630122977966.002
2011-05-16,12550432047031.0
2011-05-17,12546184930353.0
2011-05-18,12653658051112.0
2011-05-19,12682228871333.0
2011-05-20,12583451475497.0
2011-05-23,12432701618538.0
2011-05-24,12423657055570.0
2011-05-25,12459719557555.0
2011-05-26,12510775017386.0
2011-05-27,12561599652181.0
2011-05-30,12561473720243.002
2011-05-31,12687995361874.002
2011-06-01,12399577532282.0
2011-06-02,12384563257197.002
2011-06-03,12262385668764.0
2011-06-07,12121527131872.0
2011-06-08,12068793106291.0
2011-06-09,12158198225602.0
2011-06-10,11990180729854.0
2011-06-13,11997523206267.0
2011-06-14,12148067532679.998
2011-06-15,11934916695904.0
2011-06-16,11955511819440.0
2011-06-17,11990232570257.0
2011-06-20,12056044835918.0
2011-06-21,12219085799291.0
2011-06-22,12139985804631.0
2011-06-23,12107101365965.0
2011-06-24,11962668164350.0
2011-06-27,12067230600045.0
2011-06-28,12224428755365.0
2011-06-29,12328392490629.0
2011-06-30,12427563965082.0
2011-07-01,12588787710706.0
2011-07-04,12587516375162.0
2011-07-05,12610546116769.0
2011-07-06,12624297706752.998
2011-07-07,12758797982557.002
2011-07-08,12671239851047.0
2011-07-11,12442160689335.0
2011-07-12,12386920878771.998
2011-07-13,12426253104962.0
2011-07-14,12341237797716.0
2011-07-15,12414809291821.0
2011-07-18,12312776246642.0
2011-07-19,12514332508177.0
2011-07-20,12504450598427.0
2011-07-21,12671552124008.0
2011-07-22,12683235605309.998
2011-07-25,12611303877904.0
2011-07-26,12560121712586.0
2011-07-27,12305204468018.0
2011-07-28,12269203397927.0
2011-07-29,12199535795559.0
2011-08-01,12160377773954.0
2011-08-02,11856529170165.0
2011-08-03,11919978041926.0
2011-08-04,11350988831290.0
2011-08-05,11343158762201.0
2011-08-08,10585735288718.0
2011-08-09,11087177981690.0
2011-08-10,10598438434523.0
2011-08-11,11087682501601.0
2011-08-12,11144611497406.002
2011-08-15,11383891571305.0
2011-08-16,11277784866659.998
2011-08-17,11284750154718.0
2011-08-18,10783292901023.0
2011-08-19,10620640356359.0
2011-08-22,10624352190120.0
2011-08-23,10991241418083.0
2011-08-24,11135072816238.0
2011-08-25,10960535971307.002
2011-08-26,11125971444744.0
2011-08-29,11436707484970.0
2011-08-30,11463831331702.002
2011-08-31,11516034616471.0
2011-09-01,11378259462730.0
2011-09-02,11091885106848.0
2011-09-05,11091831381910.998
2011-09-06,11010968731355.0
2011-09-07,11327054752397.0
2011-09-08,11206318297132.0
2011-09-09,10908323073635.002
2011-09-13,11086608303153.0
2011-09-14,11236659820724.0
2011-09-15,11428751585000.998
2011-09-16,11494597312538.0
2011-09-19,11384120918358.0
2011-09-20,11364519733771.0
2011-09-21,11033153676068.0
2011-09-22,10679369822516.0
2011-09-23,10746684160441.0
2011-09-26,11013833588059.0
2011-09-27,11129885344281.002
2011-09-28,10900377414590.002
2011-09-29,10983742969129.0
2011-09-30,10687767325521.0
2011-10-10,11273909156867.002
2011-10-11,11281245370678.0
2011-10-12,11391836011934.0
2011-10-13,11359739494412.0
2011-10-14,11562854733638.0
2011-10-17,11339316562866.002
2011-10-18,11570948732447.0
2011-10-19,11422742519988.0
2011-10-20,11473449944080.0
2011-10-21,11685136280797.998
2011-10-24,11833573946939.002
2011-10-25,11592305247394.0
2011-10-26,11706850851018.0
2011-10-27,12104668108235.0
2011-10-28,12098255965446.0
2011-10-31,11772600423270.0
2011-11-01,11449981935160.0
2011-11-02,11634239760899.0
2011-11-03,11852079081085.998
2011-11-04,11777637998540.0
2011-11-07,11849456076020.0
2011-11-08,11989549191454.0
2011-11-09,11550078190146.0
2011-11-10,11647517332242.0
2011-11-11,11875596354186.0
2011-11-14,11763920791698.0
2011-11-15,11819098198605.0
2011-11-16,11621010473566.0
2011-11-17,11424857959872.0
2011-11-18,11418782661213.0
2011-11-21,11204953620978.0
2011-11-22,11166165767526.0
2011-11-23,10920762967743.002
2011-11-24,10920762967743.002
2011-11-25,10890922271701.0
2011-11-28,11208148452716.0
2011-11-29,11231876833274.0
2011-11-30,11713380250028.998
2011-12-01,11693004663622.0
2011-12-02,11688900013026.0
2011-12-05,11809135943802.0
2011-12-06,11820553739734.002
2011-12-07,11843676635430.0
2011-12-08,11592852044863.0
2011-12-09,11788127764471.0
2011-12-12,11614104963401.0
2011-12-13,11511618212500.998
2011-12-14,11381362213848.0
2011-12-15,11417589772424.0
2011-12-16,11478016487025.002
2011-12-19,11342880004877.0
2011-12-20,11681139978242.0
2011-12-21,11696468478256.0
2011-12-22,11790761096220.0
2011-12-23,11897687225165.0
2011-12-26,11897607995950.0
2011-12-27,11897361735344.0
2011-12-28,11749725016710.0
2011-12-29,11873116561803.0
2011-12-30,11820398897451.0
2012-01-04,11968967020952.0
2012-01-05,12003210523338.0
2012-01-06,11971348785258.0
2012-01-09,11997099584693.0
2012-01-10,12103870702355.0
2012-01-11,12108011963838.0
2012-01-12,12137888352772.998
2012-01-13,12079720734308.0
2012-01-16,12078890581348.0
2012-01-17,12121062338910.0
2012-01-18,12256630462363.998
2012-01-19,12319096138805.0
2012-01-20,12323703419373.0
2012-01-30,12301561384022.998
2012-01-31,12298321425914.0
2012-02-01,12410224889166.998
2012-02-02,12425625127999.0
2012-02-03,12604361138881.0
2012-02-06,12598578176698.0
2012-02-07,12622662713757.998
2012-02-08,12651420696057.0
2012-02-09,12672528524208.0
2012-02-10,12583125473710.0
2012-02-13,12666203933596.0
2012-02-14,12655448378509.0
2012-02-15,12587864858238.0
2012-02-16,12726828875587.0
2012-02-17,12761887975948.0
2012-02-20,12762027429021.0
2012-02-21,12766776843733.0
2012-02-22,12724490425007.998
2012-02-23,12776810832060.0
2012-02-24,12800323581341.0
2012-02-27,12816992362180.0
2012-02-28,12862744124461.0
2012-02-29,12802836128956.0
2012-03-01,12880796814064.0
2012-03-02,12840145456457.0
2012-03-05,12791277069704.0
2012-03-06,12594655365993.0
2012-03-07,12690680991583.0
2012-03-08,12813159468019.0
2012-03-09,12858141947842.0
2012-03-12,12859951192243.0
2012-03-13,13090901846404.0
2012-03-14,13074576663236.0
2012-03-15,13152958429418.002
2012-03-16,13166400921341.0
2012-03-19,13215957007567.0
2012-03-20,13177262135978.0
2012-03-21,13153413746127.0
2012-03-22,13059604147833.0
2012-03-23,13099926998261.002
2012-03-26,13281874174152.998
2012-03-27,13246134063743.0
2012-03-28,13180836929993.0
2012-03-29,13159002019585.0
2012-03-30,13205821374924.0
2012-04-05,13092123202099.0
2012-04-06,13092095106583.0
2012-04-09,12942987660479.0
2012-04-10,12721739681486.002
2012-04-11,12816683812613.0
2012-04-12,12994283901895.0
2012-04-13,12834629710952.0
2012-04-16,12828121535818.0
2012-04-17,13025740130418.0
2012-04-18,12974729142839.0
2012-04-19,12898159952648.0
2012-04-20,12916101039260.002
2012-04-23,12801545514743.0
2012-04-24,12843037178997.0
2012-04-25,13017361483034.0
2012-04-26,13108316926649.0
2012-04-27,13144968661285.998
2012-05-02,13153822655176.0
2012-05-03,13050745798756.002
2012-05-04,12838492724191.0
2012-05-07,12840610942260.0
2012-05-08,12785172508132.0
2012-05-09,12701459976938.0
2012-05-10,12732841804806.002
2012-05-11,12690428438954.0
2012-05-14,12549949648380.0
2012-05-15,12479871553273.0
2012-05-16,12424830085834.0
2012-05-17,12240319714408.0
2012-05-18,12148691881196.0
2012-05-21,12345495019838.0
2012-05-22,12352226764430.0
2012-05-23,12374721605091.0
2012-05-24,12400656691727.0
2012-05-25,12374560481662.0
2012-05-28,12374137465172.998
2012-05-29,12510642168935.0
2012-05-30,12330878803826.0
2012-05-31,12300131760945.0
2012-06-01,11994826776656.0
2012-06-04,11999568076831.998
2012-06-05,12069667692667.0
2012-06-06,12344691982173.0
2012-06-07,12344057610071.002
2012-06-08,12446117308104.0
2012-06-11,12287220691037.0
2012-06-12,12429507445192.0
2012-06-13,12340913428921.0
2012-06-14,12472676205738.0
2012-06-15,12602928133663.002
2012-06-18,12622728402500.998
2012-06-19,12746840399003.0
2012-06-20,12727668462772.998
2012-06-21,12445018579064.0
2012-06-25,12337411822636.002
2012-06-26,12398147298201.0
2012-06-27,12506500617763.0
2012-06-28,12477878678840.0
2012-06-29,12773292028495.0
2012-07-02,12793383561814.0
2012-07-03,12876100292298.998
2012-07-04,12876100292298.998
2012-07-05,12818347401401.998
2012-07-06,12708712308986.002
2012-07-09,12686310194610.0
2012-07-10,12584728927809.998
2012-07-11,12581575622855.0
2012-07-12,12518667202212.0
2012-07-13,12728316980053.0
2012-07-16,12696878446326.0
2012-07-17,12790205414479.0
2012-07-18,12874144797230.0
2012-07-19,12907751244485.0
2012-07-20,12781850059942.0
2012-07-23,12664074163978.0
2012-07-24,12548613246377.0
2012-07-25,12544112395197.0
2012-07-26,12753100755668.002
2012-07-27,12995290850757.0
2012-07-30,12987127502963.0
2012-07-31,12917716369480.0
2012-08-01,12876175082086.0
2012-08-02,12784557255937.0
2012-08-03,13055432856779.0
2012-08-06,13084583907911.0
2012-08-07,13151614062253.0
2012-08-08,13159774050906.0
2012-08-09,13163148476328.002
2012-08-10,13190013892949.0
2012-08-13,13174681812607.998
2012-08-14,13176558999173.998
2012-08-15,13192041524671.0
2012-08-16,13282097907032.002
2012-08-17,13306532209868.0
2012-08-20,13304579662981.998
2012-08-21,13256354500713.0
2012-08-22,13259356810423.0
2012-08-23,13154253890458.0
2012-08-24,13239377424169.0
2012-08-27,13232731527962.0
2012-08-28,13223092100011.0
2012-08-29,13236129682170.0
2012-08-30,13132115527969.0
2012-08-31,13199789948809.0
2012-09-03,13199776731508.998
2012-09-04,13208504263254.002
2012-09-05,13193488748347.002
2012-09-06,13460622301455.0
2012-09-07,13513765032813.0
2012-09-10,13430168407571.002
2012-09-11,13472327708643.0
2012-09-12,13500470059458.0
2012-09-13,13718100104913.002
2012-09-14,13772057938664.998
2012-09-17,13725994777992.0
2012-09-18,13710508505657.0
2012-09-19,13728690847986.0
2012-09-20,13720463544233.0
2012-09-21,13718434593978.0
2012-09-24,13691052971752.0
2012-09-25,13546552519525.002
2012-09-26,13468459224625.0
2012-09-27,13596833615019.0
2012-09-28,13534645931138.0
2012-10-08,13622163968702.0
2012-10-09,13484918270912.002
2012-10-10,13404047642811.0
2012-10-11,13408160064717.0
2012-10-12,13369272962585.002
2012-10-15,13478067307322.0
2012-10-16,13615090655493.0
2012-10-17,13671926205988.0
2012-10-18,13633945834790.0
2012-10-19,13409019015799.0
2012-10-22,13411943202015.0
2012-10-23,13221006864938.0
2012-10-24,13181414815782.002
2012-10-25,13219371822306.002
2012-10-26,13213718906362.0
2012-10-29,13210196774921.998
2012-10-30,13210081336083.0
2012-10-31,13239009665580.0
2012-11-01,13378850103998.0
2012-11-02,13255452959842.998
2012-11-05,13278146855841.0
2012-11-06,13383000142051.0
2012-11-07,13070749770297.0
2012-11-08,12910498760130.0
2012-11-09,12930766178172.0
2012-11-12,12932127224199.0
2012-11-13,12879614365767.0
2012-11-14,12698841153696.0
2012-11-15,12672477776079.0
2012-11-16,12734252433342.0
2012-11-19,12984687739508.0
2012-11-20,12994581600128.0
2012-11-21,13024410370567.0
2012-11-22,13024410370567.0
2012-11-23,13194011913847.0
2012-11-26,13166733148427.0
2012-11-27,13099501990513.0
2012-11-28,13207799191793.0
2012-11-29,13264496343346.0
2012-11-30,13264928564993.0
2012-12-03,13205153136264.998
2012-12-04,13183978543368.002
2012-12-05,13203294210429.0
2012-12-06,13241942782632.0
2012-12-07,13281401806875.0
2012-12-10,13285166505398.0
2012-12-11,13371387876257.998
2012-12-12,13378922563526.0
2012-12-13,13295619415302.0
2012-12-14,13241598259897.0
2012-12-17,13398089431127.998
2012-12-18,13550753613481.0
2012-12-19,13451579537464.002
2012-12-20,13523280694449.0
2012-12-21,13398380171906.0
2012-12-24,13374725400758.0
2012-12-25,13374725400758.0
2012-12-26,13308448605005.0
2012-12-27,13292575968425.0
2012-12-28,13145122335597.0
2012-12-31,13340514313697.0
2013-01-04,13716956148217.0
2013-01-07,13675253681489.0
2013-01-08,13632606042772.0
2013-01-09,13670666065959.0
2013-01-10,13771296070580.0
2013-01-11,13772373939420.0
2013-01-14,13758912306810.0
2013-01-15,13776851896839.002
2013-01-16,13778126203017.002
2013-01-17,13855248315294.002
2013-01-18,13902210369278.0
2013-01-21,13902209019426.0
2013-01-22,13961889270775.002
2013-01-23,13983455857303.0
2013-01-24,13987660044910.0
2013-01-25,14063343491945.0
2013-01-28,14036805136370.0
2013-01-29,14103825247397.0
2013-01-30,14053923422717.0
2013-01-31,14014773687606.0
2013-02-01,14154637495427.0
2013-02-04,13987312446723.002
2013-02-05,14133443868713.0
2013-02-06,14142182103822.998
2013-02-07,14112585650450.0
2013-02-08,14191982320683.0
2013-02-18,14213047551819.0
2013-02-19,14315555160995.0
2013-02-20,14135923177105.998
2013-02-21,14046732539472.0
2013-02-22,14170530825285.0
2013-02-25,13912363690939.0
2013-02-26,13996988117958.0
2013-02-27,14174904204665.0
2013-02-28,14159423655167.0
2013-03-01,14194771004710.0
2013-03-04,14264826236645.998
2013-03-05,14400815131407.002
2013-03-06,14415221953267.0
2013-03-07,14441164606530.002
2013-03-08,14503831147678.0
2013-03-11,14550513383443.0
2013-03-12,14516760084942.0
2013-03-13,14535625802602.0
2013-03-14,14614765774881.0
2013-03-15,14588062905996.0
2013-03-18,14508366549594.0
2013-03-19,14473765594661.0
2013-03-20,14572941468570.002
2013-03-21,14448823776108.0
2013-03-22,14552105555506.0
2013-03-25,14506555387719.0
2013-03-26,14618957902566.0
2013-03-27,14611216137467.0
2013-03-28,14669087607380.0
2013-03-29,14667576801812.0
2013-04-01,14590204922156.0
2013-04-02,14664301092502.0
2013-04-03,14510126951261.0
2013-04-08,14597498713921.0
2013-04-09,14651608983606.0
2013-04-10,14827958422386.0
2013-04-11,14879538770814.0
2013-04-12,14838422415749.0
2013-04-15,14501282698796.0
2013-04-16,14707893473262.0
2013-04-17,14499904579280.0
2013-04-18,14402266449661.0
2013-04-19,14531940739614.0
2013-04-22,14598643218436.0
2013-04-23,14750061345857.0
2013-04-24,14750498370398.0
2013-04-25,14813308564274.002
2013-04-26,14784431110287.002
2013-05-02,14943501409234.0
2013-05-03,15102891492532.0
2013-05-06,15124836198174.0
2013-05-07,15203019919461.998
2013-05-08,15265136994419.0
2013-05-09,15212499309255.0
2013-05-10,15280201154570.0
2013-05-13,15280430963074.998
2013-05-14,15436235550130.0
2013-05-15,15505394848326.002
2013-05-16,15439627939907.0
2013-05-17,15597473112125.0
2013-05-20,15585009796145.0
2013-05-21,15610626268433.002
2013-05-22,15479172839032.0
2013-05-23,15431625908242.0
2013-05-24,15433792191566.998
2013-05-27,15433486558543.0
2013-05-28,15531331483116.0
2013-05-29,15418472779524.0
2013-05-30,15472329813238.0
2013-05-31,15251558778924.0
2013-06-03,15341571022140.0
2013-06-04,15257348468228.0
2013-06-05,15048694356452.0
2013-06-06,15174253772427.002
2013-06-07,15394599951306.0
2013-06-13,15324404410968.0
2013-06-14,15234703224610.0
2013-06-17,15350874916349.0
2013-06-18,15470890543218.998
2013-06-19,15256871285186.998
2013-06-20,14875092757329.0
2013-06-21,14910634005752.0
2013-06-24,14747298150407.0
2013-06-25,14885204627318.0
2013-06-26,15028425547090.002
2013-06-27,15123086137072.0
2013-06-28,15056206170068.0
2013-07-01,15087355337290.0
2013-07-02,15077575524377.0
2013-07-03,15090987590030.0
2013-07-04,15090987590030.0
2013-07-05,15244665657115.0
2013-07-08,15326754569547.0
2013-07-09,15427897164164.0
2013-07-10,15430836816175.0
2013-07-11,15640853556985.0
2013-07-12,15686462364910.0
2013-07-15,15711719776557.0
2013-07-16,15652791393639.0
2013-07-17,15694758970815.0
2013-07-18,15771788379867.0
2013-07-19,15791657269780.0
2013-07-22,15821143722711.0
2013-07-23,15791867409453.002
2013-07-24,15731843440589.002
2013-07-25,15774071586682.0
2013-07-26,15785452375165.0
2013-07-29,15727266272614.0
2013-07-30,15732661052099.0
2013-07-31,15722903394042.0
2013-08-01,15919307797117.0
2013-08-02,15947585843149.0
2013-08-05,15907138642272.0
2013-08-06,15816053028270.0
2013-08-07,15754024910702.0
2013-08-08,15814669237311.0
2013-08-09,15759756462473.0
2013-08-12,15741096494990.0
2013-08-13,15781836920433.0
2013-08-14,15698982984384.0
2013-08-15,15472549146320.0
2013-08-16,15395764591802.002
2013-08-19,15329918583627.998
2013-08-20,15388096005986.0
2013-08-21,15302495523310.0
2013-08-22,15433687374667.0
2013-08-23,15494958208715.0
2013-08-26,15430813042746.0
2013-08-27,15187932977238.0
2013-08-28,15225565034456.0
2013-08-29,15257012329775.0
2013-08-30,15208020216013.998
2013-09-02,15204071935418.0
2013-09-03,15264263811312.0
2013-09-04,15386470943392.0
2013-09-05,15405520823485.0
2013-09-06,15406668929276.0
2013-09-09,15561986619052.0
2013-09-10,15678487093657.0
2013-09-11,15739873807853.0
2013-09-12,15687319344447.998
2013-09-13,15732215046620.0
2013-09-16,15821705287099.0
2013-09-17,15889840976372.002
2013-09-18,16084428751246.0
2013-09-23,15888037991115.0
2013-09-24,15846251258510.0
2013-09-25,15799893597437.0
2013-09-26,15855740173735.002
2013-09-27,15790921527026.998
2013-09-30,15644780350477.0
2013-10-08,15396845292023.0
2013-10-09,15405463934322.0
2013-10-10,15741939250374.0
2013-10-11,15840557205057.002
2013-10-14,15904130358275.002
2013-10-15,15792611519856.998
2013-10-16,16011238501701.0
2013-10-17,16124404440380.002
2013-10-18,16235604181443.998
2013-10-21,16235287598462.0
2013-10-22,16332253268552.0
2013-10-23,16255316858242.0
2013-10-24,16311219813973.0
2013-10-25,16383247202636.002
2013-10-28,16406215486917.0
2013-10-29,16491000930968.0
2013-10-30,16410066836017.0
2013-10-31,16344155953296.0
2013-11-01,16390779991275.0
2013-11-04,16444797740953.0
2013-11-05,16401258260269.0
2013-11-06,16472098420649.0
2013-11-07,16252441215897.0
2013-11-08,16470014243330.0
2013-11-11,16483133783495.0
2013-11-12,16445763355127.0
2013-11-13,16588729549111.0
2013-11-14,16665836735442.0
2013-11-15,16734297539388.0
2013-11-18,16672129769612.998
2013-11-19,16635238173294.0
2013-11-20,16575982063852.0
2013-11-21,16710213986594.998
2013-11-22,16793413956724.998
2013-11-25,16774557563318.998
2013-11-26,16779409612365.0
2013-11-27,16822426631920.0
2013-11-28,16822556712043.0
2013-11-29,16809203489223.002
2013-12-02,16756895622137.0
2013-12-03,16701611833101.0
2013-12-04,16677705178719.0
2013-12-05,16603623504554.998
2013-12-06,16789642309752.0
2013-12-09,16819943693606.0
2013-12-10,16777183204485.0
2013-12-11,16591650548204.998
2013-12-12,16526828118594.0
2013-12-13,16526297155744.0
2013-12-16,16630576528132.998
2013-12-17,16580825972252.0
2013-12-18,16854593959940.0
2013-12-19,16845039845257.0
2013-12-20,16930059518150.0
2013-12-23,17174764818215.0
2013-12-24,17224471893132.998
2013-12-25,17224471893132.998
2013-12-26,17306456580132.0
2013-12-27,17296917483306.0
2013-12-30,17289610712425.0
2013-12-31,17314080599496.0
2014-01-02,17163568344529.0
2014-01-03,17156798474543.0
2014-01-06,17115209265629.0
2014-01-07,17220611517603.0
2014-01-08,17216463969928.0
2014-01-09,17221036772904.0
2014-01-10,17261435857897.0
2014-01-13,17041953593945.0
2014-01-14,17228364308197.998
2014-01-15,17314839490932.0
2014-01-16,17290160161780.0
2014-01-17,17226032182002.0
2014-01-20,17225994006762.0
2014-01-21,17274370743745.0
2014-01-22,17283597556125.0
2014-01-23,17128433438939.0
2014-01-24,16769067615872.0
2014-01-27,16678097809551.0
2014-01-28,16786237652209.0
2014-01-29,16616210919716.0
2014-01-30,16816664774879.0
2014-02-07,16826939110189.0
2014-02-10,16850092789876.0
2014-02-11,17037028362133.998
2014-02-12,17032999458724.0
2014-02-13,17133433131355.0
2014-02-14,17212110129782.0
2014-02-17,17211837469719.998
2014-02-18,17231553874148.0
2014-02-19,17120719670253.0
2014-02-20,17222800585264.0
2014-02-21,17190281834698.0
2014-02-24,17357989197760.0
2014-02-25,17335127502266.0
2014-02-26,17337460802342.0
2014-02-27,17421398175276.0
2014-02-28,17467261361164.0
2014-03-03,17332933170236.002
2014-03-04,17598152822973.0
2014-03-05,17599020219397.0
2014-03-06,17626725575795.0
2014-03-07,17633061338352.0
2014-03-10,17624354336013.0
2014-03-11,17533899400211.0
2014-03-12,17540201494645.0
2014-03-13,17331708552795.0
2014-03-14,17282435563592.0
2014-03-17,17448611664121.0
2014-03-18,17575840733992.0
2014-03-19,17463942986480.998
2014-03-20,17565732413461.0
2014-03-21,17512799833778.0
2014-03-24,17439168971796.998
2014-03-25,17512484564021.0
2014-03-26,17385326749163.0
2014-03-27,17351649247593.0
2014-03-28,17428254071752.998
2014-03-31,17874224471446.0
2014-04-01,18006816197018.0
2014-04-02,18442934871663.0
2014-04-03,18039146357470.0
2014-04-04,17794101935907.0
2014-04-08,17685340764381.0
2014-04-09,17884073307445.0
2014-04-10,17499081845708.0
2014-04-11,17326843042862.0
2014-04-14,17470776542479.0
2014-04-15,17586002072783.0
2014-04-16,17781343987105.0
2014-04-17,17788394101947.0
2014-04-18,17789980619805.0
2014-04-21,17852206795989.0
2014-04-22,17928679382923.0
2014-04-23,17881977751187.0
2014-04-24,17908020895572.0
2014-04-25,17749832933885.0
2014-04-28,17802317838498.0
2014-04-29,17895657380875.0
2014-04-30,17946245941201.0
2014-05-05,17945747541781.0
2014-05-06,17776356093913.0
2014-05-07,17866987090803.0
2014-05-08,17861757784908.0
2014-05-09,17895387859105.0
2014-05-12,18077125713544.0
2014-05-13,18086850644499.0
2014-05-14,17996734020494.0
2014-05-15,17824590867396.0
2014-05-16,17890411889430.0
2014-05-19,17964920431313.0
2014-05-20,17850197483637.0
2014-05-21,17999896025542.0
2014-05-22,18044816185273.0
2014-05-23,18128309175884.0
2014-05-26,18127026536227.0
2014-05-27,18242565348005.0
2014-05-28,18218743072759.0
2014-05-29,18310856051178.0
2014-05-30,18343057983344.0
2014-06-03,18333819697148.0
2014-06-04,18367622978606.0
2014-06-05,18492972402986.0
2014-06-06,18577593838775.0
2014-06-09,18595151983514.0
2014-06-10,18590469829136.0
2014-06-11,18524776586907.0
2014-06-12,18389443700013.0
2014-06-13,18445204024091.0
2014-06-16,18453202866364.0
2014-06-17,18492011141809.0
2014-06-18,18641562787766.0
2014-06-19,18663297324770.0
2014-06-20,18693393699286.0
2014-06-23,18707240897690.0
2014-06-24,18589531852304.0
2014-06-25,18688599538884.0
2014-06-26,18663594065823.0
2014-06-27,18700228281479.0
2014-06-30,18643224888781.0
2014-07-01,18753853039703.0
2014-07-02,18766375061987.0
2014-07-03,18866953932363.0
2014-07-04,18866988725618.0
2014-07-07,18792617663336.0
2014-07-08,18653514718570.0
2014-07-09,18743394189003.0
2014-07-10,18664119194830.0
2014-07-11,18693163086042.0
2014-07-14,18787948466739.0
2014-07-15,18750975429156.0
2014-07-16,18824129724864.0
2014-07-17,18602031258954.0
2014-07-18,18824528087744.0
2014-07-21,18777147721346.0
2014-07-22,18874177875741.0
2014-07-23,18906902019519.0
2014-07-24,18915071075602.0
2014-07-25,18823119189564.0
2014-07-28,18826789018813.0
2014-07-29,18738200908472.0
2014-07-30,18742455833147.0
2014-07-31,18360219096693.0
2014-08-01,18300250954510.0
2014-08-04,18425089831244.0
2014-08-05,18246638202560.0
2014-08-06,18248807370070.0
2014-08-07,18149809573983.0
2014-08-08,18356204637780.0
2014-08-11,18405052582242.0
2014-08-12,18370518885055.0
2014-08-13,18499430102754.0
2014-08-14,18577326849124.0
2014-08-15,18575172686599.0
2014-08-18,18737328450051.0
2014-08-19,18833490992196.0
2014-08-20,18876720353779.0
2014-08-21,18928341783787.0
2014-08-22,18893472720523.0
2014-08-25,18978159548189.0
2014-08-26,18996541901128.0
2014-08-27,18990688400448.0
2014-08-28,18955907200347.0
2014-08-29,19016886132938.0
2014-09-01,19009164751294.0
2014-09-02,19007056594316.0
2014-09-03,18993105665179.0
2014-09-04,18970202401250.0
2014-09-05,19067316321529.0
2014-09-09,18882970909366.0
2014-09-10,18950972638943.0
2014-09-11,18964409076874.0
2014-09-12,18850720758714.0
2014-09-15,18831622950990.0
2014-09-16,18975138431520.0
2014-09-17,19000731969568.0
2014-09-18,19094554916158.0
2014-09-19,19092469992320.0
2014-09-22,18949507944622.0
2014-09-23,18837417829846.0
2014-09-24,18989075618026.0
2014-09-25,18680164127854.0
2014-09-26,18842583506700.0
2014-09-29,18772791133053.0
2014-09-30,18683475285701.0
2014-10-08,18643504131396.0
2014-10-09,18258517092028.0
2014-10-10,18041970708906.0
2014-10-13,17744745300390.0
2014-10-14,17776096855696.0
2014-10-15,17628060844427.0
2014-10-16,17625489456919.0
2014-10-17,17834158763929.0
2014-10-20,18001493598363.0
2014-10-21,18349147649267.0
2014-10-22,18222564608794.0
2014-10-23,18448255924445.0
2014-10-24,18566464290963.0
2014-10-27,18555461046109.0
2014-10-28,18791825005889.0
2014-10-29,18762248288982.0
2014-10-30,18882079884616.0
2014-10-31,19094531539909.0
2014-11-03,19075522503162.0
2014-11-04,19022792249368.0
2014-11-05,19134087258750.0
2014-11-06,19203150487132.0
2014-11-07,19211151338129.0
2014-11-10,19274033118625.0
2014-11-11,19288355100122.0
2014-11-12,19273430671794.0
2014-11-13,19287701205027.0
2014-11-14,19292619313510.0
2014-11-17,19300636616765.0
2014-11-18,19395423412404.0
2014-11-19,19371593800283.0
2014-11-20,19405063795076.0
2014-11-21,19505217193138.0
2014-11-24,19563530598288.0
2014-11-25,19544454213347.0
2014-11-26,19595072369945.0
2014-11-27,19595072369945.0
2014-11-28,19556689552519.0
2014-12-01,19410185850764.0
2014-12-02,19529260160342.0
2014-12-03,19595307673093.0
2014-12-04,19577477867181.0
2014-12-05,19613183172027.0
2014-12-08,19477642076887.0
2014-12-09,19478484663718.0
2014-12-10,19163223717420.0
2014-12-11,19251929859800.0
2014-12-12,18942022088136.0
2014-12-15,18823211823683.0
2014-12-16,18650172635901.0
2014-12-17,19026727442314.0
2014-12-18,19481846000628.0
2014-12-19,19570892894684.0
2014-12-22,19655544995361.0
2014-12-23,19696122504630.0
2014-12-24,19692220209119.0
2014-12-25,19692220209119.0
2014-12-26,19758398520292.0
2014-12-29,19757957680202.0
2014-12-30,19663048533242.0
2014-12-31,19467792166071.0
2015-01-05,19106292535797.0
2015-01-06,18930603506021.0
2015-01-07,19146715006790.0
2015-01-08,19482090720875.0
2015-01-09,19316693835384.0
2015-01-12,19163914640145.0
2015-01-13,19117766767291.0
2015-01-14,19007857257868.0
2015-01-15,18835687582485.0
2015-01-16,19082573745593.0
2015-01-19,19082472389668.0
2015-01-20,19112637550810.0
2015-01-21,19208807032299.0
2015-01-22,19507658264448.0
2015-01-23,19407166704294.0
2015-01-26,19449570424727.0
2015-01-27,19170519824135.0
2015-01-28,18912471117246.0
2015-01-29,19090013828514.0
2015-01-30,18865099880250.0
2015-02-02,19092880189253.0
2015-02-03,19359507186221.0
2015-02-04,19279707504174.0
2015-02-05,19473669565562.0
2015-02-06,19410549021764.0
2015-02-09,19320600053038.0
2015-02-10,19532695748510.0
2015-02-11,19530311935132.0
2015-02-12,19718076577673.0
2015-02-13,19796041051796.0
2015-02-16,19796025816205.0
2015-02-17,19818721106569.0
2015-02-25,19979524807791.0
2015-02-26,19962263267710.0
2015-02-27,19911001835298.0
2015-03-02,20052881286278.0
2015-03-03,19966051967133.0
2015-03-04,19880410049985.0
2015-03-05,19908429388590.0
2015-03-06,19624127299389.0
2015-03-09,19700324013481.0
2015-03-10,19364138139606.0
2015-03-11,19321942448583.0
2015-03-12,19576126123908.0
2015-03-13,19453675080717.0
2015-03-16,19717920060873.0
2015-03-17,19649614368150.0
2015-03-18,19887459884515.0
2015-03-19,19740146139882.0
2015-03-20,19918227068401.0
2015-03-23,19881292151290.0
2015-03-24,19773005721344.0
2015-03-25,19480098137453.0
2015-03-26,19432897603808.0
2015-03-27,19471384515077.0
2015-03-30,19692632147689.0
2015-03-31,19538213757749.0
2015-04-01,19456256276990.0
2015-04-02,19517938621176.0
2015-04-03,19516955901395.0
2015-04-07,19610260536037.0
2015-04-08,19667579691431.0
2015-04-09,19751965228708.0
2015-04-10,19847739059588.0
2015-04-13,19759059096009.0
2015-04-14,19783781495337.0
2015-04-15,19882183636705.0
2015-04-16,19866315719905.0
2015-04-17,19635225037916.0
2015-04-20,19821050514741.0
2015-04-21,19794122854256.0
2015-04-22,19896947939640.0
2015-04-23,19947820573459.0
2015-04-24,20006521320948.0
2015-04-27,19918165647228.0
2015-04-28,19966934322680.0
2015-04-29,19888629612047.0
2015-04-30,19678172243024.0
2015-05-04,19944100130199.0
2015-05-05,19705743470011.0
2015-05-06,19616405260561.0
2015-05-07,19694700076238.0
2015-05-08,19956452475544.0
2015-05-11,19856167022069.0
2015-05-12,19795439420555.0
2015-05-13,19789948819841.0
2015-05-14,20007443557064.0
2015-05-15,20018970388951.0
2015-05-18,20078777026388.0
2015-05-19,20063142229617.0
2015-05-20,20046801207404.0
2015-05-21,20096452990845.0
2015-05-22,20051095226193.0
2015-05-25,20050343094286.0
2015-05-26,19841586004452.0
2015-05-27,20025301308513.0
2015-05-28,19999435394284.0
2015-05-29,19868728784049.0
2015-06-01,19915348603901.0
2015-06-02,19898255765398.0
2015-06-03,19942581521138.0
2015-06-04,19772578673575.0
2015-06-05,19742702550987.0
2015-06-08,19613292597221.0
2015-06-09,19621578260913.0
2015-06-10,19859617737198.0
2015-06-11,19891390849544.0
2015-06-12,19740449288392.0
2015-06-15,19646548727789.0
2015-06-16,19758462799247.0
2015-06-17,19799377203251.0
2015-06-18,19994544226243.0
2015-06-19,19891053681715.0
2015-06-23,20027887563747.0
2015-06-24,19882014701499.0
2015-06-25,19822601775541.0
2015-06-26,19814188376465.0
2015-06-29,19376465791790.0
2015-06-30,19408906876897.0
2015-07-01,19521795166378.0
2015-07-02,19497159720642.0
2015-07-03,19498011481628.0
2015-07-06,19384693801293.0
2015-07-07,19504498928611.0
2015-07-08,19180294490230.0
2015-07-09,19230253097312.0
2015-07-10,19463360994172.0
2015-07-13,19688656249626.0
2015-07-14,19784819121415.0
2015-07-15,19767257659321.0
2015-07-16,19935006108342.0
2015-07-17,20029097965479.0
2015-07-20,20032551483829.0
2015-07-21,19949100570641.0
2015-07-22,19905658722545.0
2015-07-23,19779919163510.0
2015-07-24,19580386601880.0
2015-07-27,19477803299221.0
2015-07-28,19712706864382.0
2015-07-29,19827924267650.0
2015-07-30,19828336859250.0
2015-07-31,19830689534604.0
2015-08-03,19880824766079.0
2015-08-04,19837923405968.0
2015-08-05,19907548510451.0
2015-08-06,19752298306079.0
2015-08-07,19689194667802.0
2015-08-10,19929274125921.0
2015-08-11,19767674371909.0
2015-08-12,19785022961991.0
2015-08-13,19755956837135.0
2015-08-14,19833508230730.0
2015-08-17,19934243890381.0
2015-08-18,19874090361129.0
2015-08-19,19719570730131.0
2015-08-20,19303915642046.0
2015-08-21,18678932914958.0
2015-08-24,17942996451679.0
2015-08-25,17706046965863.0
2015-08-26,18414960808032.0
2015-08-27,18854719714639.0
2015-08-28,18859060357457.0
2015-08-31,18698969765878.0
2015-09-01,18148466413669.0
2015-09-02,18484384619181.0
2015-09-07,18225602230442.0
2015-09-08,18684062918660.0
2015-09-09,18431206638724.0
2015-09-10,18529629686200.0
2015-09-11,18614877268925.0
2015-09-14,18539181966501.0
2015-09-15,18777756003789.0
2015-09-16,18938593551191.0
2015-09-17,18899018087395.0
2015-09-18,18595654709596.0
2015-09-21,18890822485866.0
2015-09-22,18654760376991.0
2015-09-23,18617200479454.0
2015-09-24,18556077148540.0
2015-09-25,18536068743611.0
2015-09-28,18037496122559.0
2015-09-29,18056304896866.0
2015-09-30,18357685337491.0
2015-10-08,19252338605368.0
2015-10-09,19268684172715.0
2015-10-12,19296411123269.0
2015-10-13,19174433464328.0
2015-10-14,19073123221181.0
2015-10-15,19355825941526.0
2015-10-16,19440973099082.0
2015-10-19,19449171224062.0
2015-10-20,19406893246502.0
2015-10-21,19290574562657.0
2015-10-22,19605497800291.0
2015-10-23,19843543930893.0
2015-10-26,19814417968597.0
2015-10-27,19761635183128.0
2015-10-28,19986246308423.0
2015-10-29,19984234235169.0
2015-10-30,19881813879830.0
2015-11-02,20104106621586.0
2015-11-03,20152252969737.0
2015-11-04,20085315674699.0
2015-11-05,20073504738444.0
2015-11-06,20064925179961.0
2015-11-09,19867672336610.0
2015-11-10,19903314683296.0
2015-11-11,19846366936828.0
2015-11-12,19575953471244.0
2015-11-13,19345608136935.0
2015-11-16,19634364933953.0
2015-11-17,19608281949019.0
2015-11-18,19958008365230.0
2015-11-19,19943492982130.0
2015-11-20,20031255483549.0
2015-11-23,20008791664907.0
2015-11-24,20023878853620.0
2015-11-25,20023171235417.0
2015-11-26,20023171235417.0
2015-11-27,20034281609367.0
2015-11-30,19927217710746.0
2015-12-01,20146664505218.0
2015-12-02,19926342815911.0
2015-12-03,19642174145168.0
2015-12-04,20038870835318.0
2015-12-07,19902864533440.0
2015-12-08,19778989128180.0
2015-12-09,19618138329458.0
2015-12-10,19661142230462.0
2015-12-11,19279080193953.0
2015-12-14,19235422026414.0
2015-12-15,19426439859207.0
2015-12-16,19714417618490.0
2015-12-17,19420288385066.0
2015-12-18,19080732478629.0
2015-12-21,19227789385681.0
2015-12-22,19395358689268.0
2015-12-23,19626489050177.0
2015-12-24,19593349174032.0
2015-12-25,19592195783141.0
2015-12-28,19559382546767.0
2015-12-29,19766444260115.0
2015-12-30,19625003622958.0
2015-12-31,19371241252621.0
2016-01-04,19070054671846.0
2016-01-05,19117740445650.0
2016-01-06,18879547660845.0
2016-01-07,18435261009086.0
2016-01-08,18233823922691.0
2016-01-11,18253924002455.0
2016-01-12,18401173943748.0
2016-01-13,17932299060685.0
2016-01-14,18231964702859.0
2016-01-15,17803706774104.0
2016-01-18,17813982698512.0
2016-01-19,17831390842136.0
2016-01-20,17626498193772.0
2016-01-21,17723964509545.0
2016-01-22,18088000460585.0
2016-01-25,17809336867978.0
2016-01-26,18054373773598.0
2016-01-27,17852189608781.0
2016-01-28,17980982329209.0
2016-01-29,18417402059340.0
2016-02-01,18363442377613.0
2016-02-02,18038602006754.0
2016-02-03,18084814087327.0
2016-02-04,18090721841470.0
2016-02-05,17745590465077.0
2016-02-15,17600535729630.0
2016-02-16,17888732560742.0
2016-02-17,18188620492921.0
2016-02-18,18092561886746.0
2016-02-19,18098810626341.0
2016-02-22,18364913832663.0
2016-02-23,18138024224574.0
2016-02-24,18219979505246.0
2016-02-25,18427122961733.0
2016-02-26,18413585407459.0
2016-02-29,18258112352707.0
2016-03-01,18693623219958.0
2016-03-02,18764482914669.0
2016-03-03,18823437137377.0
2016-03-04,18887962402626.0
2016-03-07,18883785992946.0
2016-03-08,18680050301383.0
2016-03-09,18778103685699.0
2016-03-10,18785336618710.0
2016-03-11,19092586833155.0
2016-03-14,19074936150686.0
2016-03-15,19040483368090.0
2016-03-16,19150768052396.0
2016-03-17,19270175769318.0
2016-03-18,19349065927851.0
2016-03-21,19372233157716.0
2016-03-22,19353891047115.0
2016-03-23,19232479763721.0
2016-03-24,19223756910117.0
2016-03-25,19222435005070.0
2016-03-28,19221279371433.0
2016-03-29,19394957995253.0
2016-03-30,19487326125630.0
2016-03-31,19436562167719.0
2016-04-01,19562479513349.0
2016-04-05,19296502214853.0
2016-04-06,19501111067576.0
2016-04-07,19269323728405.0
2016-04-08,19298233839308.0
2016-04-11,19242367514111.0
2016-04-12,19430169319908.0
2016-04-13,19641649755978.0
2016-04-14,19647415327923.0
2016-04-15,19634283055667.0
2016-04-18,19776311972565.0
2016-04-19,19823750122498.0
2016-04-20,19835068294249.0
2016-04-21,19740267896298.0
2016-04-22,19709614233332.0
2016-04-25,19686288621541.0
2016-04-26,19706715971942.0
2016-04-27,19735026688124.0
2016-04-28,19552034570813.0
2016-04-29,19454841573550.0
2016-05-03,19435501594964.0
2016-05-04,19322276260613.0
2016-05-05,19323376813360.0
2016-05-06,19393590102592.0
2016-05-09,19408311556567.0
2016-05-10,19651502764985.0
2016-05-11,19459062217072.0
2016-05-12,19456120603771.0
2016-05-13,19283390537840.0
2016-05-16,19467477180101.0
2016-05-17,19277119081031.0
2016-05-18,19228270404448.0
2016-05-19,19163738793019.0
2016-05-20,19281038722424.0
2016-05-23,19235295934164.0
2016-05-24,19502900097896.0
2016-05-25,19636274345599.0
2016-05-26,19632303132226.0
2016-05-27,19720053685238.0
2016-05-30,19728600520831.0
2016-05-31,19708267689431.0
2016-06-01,19726555172961.0
2016-06-02,19778170422673.0
2016-06-03,19699351793441.0
2016-06-06,19787197190764.0
2016-06-07,19809360011668.0
2016-06-08,19882620200923.0
2016-06-13,19507921887652.0
2016-06-14,19475887294329.0
2016-06-15,19442162781726.0
2016-06-16,19493620357418.0
2016-06-17,19418100070462.0
2016-06-20,19530738513552.0
2016-06-21,19582103606441.0
2016-06-22,19551537145739.0
2016-06-23,19807251595854.0
2016-06-24,19094167750700.0
2016-06-27,18746671720271.0
2016-06-28,19076350758717.0
2016-06-29,19397941357204.0
2016-06-30,19642495037761.0
2016-07-01,19692705822636.0
2016-07-04,19714139205759.0
2016-07-05,19564325446862.0
2016-07-06,19659871048900.0
2016-07-07,19642539814970.0
2016-07-08,19940915115473.0
2016-07-11,20014487395096.0
2016-07-12,20149283634396.0
2016-07-13,20149623941658.0
2016-07-14,20245825312301.0
2016-07-15,20225284269850.0
2016-07-18,20284884758555.0
2016-07-19,20258571527584.0
2016-07-20,20343635204236.0
2016-07-21,20270402113305.0
2016-07-22,20362265610358.0
2016-07-25,20302739993370.0
2016-07-26,20303254461164.0
2016-07-27,20279352780523.0
2016-07-28,20318761018745.0
2016-07-29,20367405655021.0
2016-08-01,20350124463698.0
2016-08-02,20222052468047.0
2016-08-03,20273892076219.0
2016-08-04,20276607204435.0
2016-08-05,20454943963598.0
2016-08-08,20435543586145.0
2016-08-09,20443800863172.0
2016-08-10,20390913295443.0
2016-08-11,20486061988073.0
2016-08-12,20469716152735.0
2016-08-15,20522325542259.0
2016-08-16,20409228312207.0
2016-08-17,20448305494458.0
2016-08-18,20491038847127.0
2016-08-19,20459261113394.0
2016-08-22,20446375099905.0
2016-08-23,20482925607404.0
2016-08-24,20376222820838.0
2016-08-25,20346432201859.0
2016-08-26,20315902336277.0
2016-08-29,20418024204385.0
2016-08-30,20373628411028.0
2016-08-31,20324395879469.0
2016-09-01,20327767962338.0
2016-09-02,20410442687144.0
2016-09-05,20420738954162.0
2016-09-06,20459365231415.0
2016-09-07,20456777659090.0
2016-09-08,20425818992912.0
2016-09-09,19925784038497.0
2016-09-12,20220136101704.0
2016-09-13,19922972299737.0
2016-09-14,19912914305498.0
2016-09-19,20036219306219.0
2016-09-20,20046285318587.0
2016-09-21,20260427017187.0
2016-09-22,20397074887642.0
2016-09-23,20280233540080.0
2016-09-26,20092591919083.0
2016-09-27,20227876860418.0
2016-09-28,20327580705923.0
2016-09-29,20137314978692.0
2016-09-30,20298697208204.0
2016-10-10,20239715080323.0
2016-10-11,19994136094214.0
2016-10-12,20018570938102.0
2016-10-13,19954672021922.0
2016-10-14,19958207828432.0
2016-10-17,19899524445699.0
2016-10-18,20030913116146.0
2016-10-19,20078160460912.0
2016-10-20,20047334846631.0
2016-10-21,20051584622455.0
2016-10-24,20156402370383.0
2016-10-25,20074548460807.0
2016-10-26,20034747870393.0
2016-10-27,19971055645909.0
2016-10-28,19914645118214.0
2016-10-31,19896405671987.0
2016-11-01,19751536753541.0
2016-11-02,19611154235173.0
2016-11-03,19525043737591.0
2016-11-04,19498659069840.0
2016-11-07,19940901979219.0
2016-11-08,20021510317025.0
2016-11-09,20223956499496.0
2016-11-10,20228783372325.0
2016-11-11,20194693761190.0
2016-11-14,20174566715548.0
2016-11-15,20339441673039.0
2016-11-16,20312795987380.0
2016-11-17,20407682394289.0
2016-11-18,20349862675146.0
2016-11-21,20506342195788.0
2016-11-22,20551637519583.0
2016-11-23,20561342032107.0
2016-11-24,20561342032107.0
2016-11-25,20640005004946.0
2016-11-28,20538088013876.0
2016-11-29,20567357686822.0
2016-11-30,20494694506827.0
2016-12-01,20411221781865.0
2016-12-02,20427131866058.0
2016-12-05,20554286347070.0
2016-12-06,20619317394465.0
2016-12-07,20894552263643.0
2016-12-08,20943228773671.0
2016-12-09,21070673123633.0
2016-12-12,21040746772276.0
2016-12-13,21180995871830.0
2016-12-14,21017469398342.0
2016-12-15,21092855423331.0
2016-12-16,21050548641674.0
2016-12-19,21092393615583.0
2016-12-20,21168932593686.0
2016-12-21,21117468750613.0
2016-12-22,21072354918047.0
2016-12-23,21096216843054.0
2016-12-26,21096216614985.0
2016-12-27,21144799581592.0
2016-12-28,20969893050881.0
2016-12-29,20961771335483.0
2016-12-30,20857348766153.0
2017-01-03,20990166437331.0
2017-01-04,21110766868515.0
2017-01-05,21088032450532.0
2017-01-06,21169978833718.0
2017-01-09,21099934724160.0
2017-01-10,21097974417001.0
2017-01-11,21163560982608.0
2017-01-12,21120872825724.0
2017-01-13,21159515485463.0
2017-01-16,21159518378281.0
2017-01-17,21102011573920.0
2017-01-18,21138794459844.0
2017-01-19,21061908279435.0
2017-01-20,21131832408095.0
2017-01-23,21091012197012.0
2017-01-24,21230754670036.0
2017-01-25,21400980514178.0
2017-01-26,21387089088113.0
2017-02-03,21354116349311.0
2017-02-06,21309807337757.0
2017-02-07,21319300895432.0
2017-02-08,21336586380898.0
2017-02-09,21448846885161.0
2017-02-10,21526443707978.0
2017-02-13,21634582056371.004
2017-02-14,21719851004800.0
2017-02-15,21823133334977.004
2017-02-16,21804819861865.0
2017-02-17,21849166574829.0
2017-02-20,21849003224974.0
2017-02-21,21977448300361.0
2017-02-22,21954876092402.0
2017-02-23,21959934121126.0
2017-02-24,21991368670734.0
2017-02-27,22009538443701.0
2017-02-28,21942531851537.0
2017-03-01,22240912185496.996
2017-03-02,22116296180027.0
2017-03-03,22124833543238.0
2017-03-06,22054367812974.0
2017-03-07,21994432645807.0
2017-03-08,21949596764909.0
2017-03-09,21970438313189.996
2017-03-10,22042909279126.0
2017-03-13,22065583006886.0
2017-03-14,21996735123423.0
2017-03-15,22176310969613.0
2017-03-16,22150911673418.004
2017-03-17,22124133638065.0
2017-03-20,22102254745769.0
2017-03-21,21824704382187.0
2017-03-22,21863901287320.0
2017-03-23,21834906355032.0
2017-03-24,21816339370979.0
2017-03-27,21800591935529.0
2017-03-28,21956273599998.004
2017-03-29,21989370623087.0
2017-03-30,22051140985289.0
2017-03-31,22008106366444.996
2017-04-05,21912171742149.0
2017-04-06,21947611714024.0
2017-04-07,21928655794253.996
2017-04-10,21944576175517.0
2017-04-11,21912993290484.0
2017-04-12,21835155541531.0
2017-04-13,21690867706956.0
2017-04-14,21690626186007.0
2017-04-17,21885017394278.0
2017-04-18,21825401713262.0
2017-04-19,21791827750672.0
2017-04-20,21954881201219.0
2017-04-21,21889547679029.004
2017-04-24,22130787255018.0
2017-04-25,22266658749861.004
2017-04-26,22255835228031.0
2017-04-27,22271666597608.0
2017-04-28,22257082538379.0
2017-05-02,22328319357370.0
2017-05-03,22298611945756.0
2017-05-04,22318195238322.0
2017-05-05,22401337944181.0
2017-05-08,22403701388321.0
2017-05-09,22383033578185.0
2017-05-10,22403942222092.0
2017-05-11,22358337455278.0
2017-05-12,22325080588226.0
2017-05-15,22430119742136.0
2017-05-16,22416522359319.0
2017-05-17,22007769116172.0
2017-05-18,22097916817102.0
2017-05-19,22247050539153.0
2017-05-22,22365226450373.996
2017-05-23,22407844343425.004
2017-05-24,22469772100166.0
2017-05-25,22579183074453.0
2017-05-26,22587223030712.0
2017-05-31,22554446786756.0
2017-06-01,22721802321158.0
2017-06-02,22825302667424.0
2017-06-05,22805483867837.0
2017-06-06,22735190838718.0
2017-06-07,22774043013097.0
2017-06-08,22780385004294.0
2017-06-09,22730884600166.996
2017-06-12,22705478762061.0
2017-06-13,22811973572618.0
2017-06-14,22788211457886.0
2017-06-15,22731579576363.0
2017-06-16,22728676625438.0
2017-06-19,22905173144754.0
2017-06-20,22751698469875.0
2017-06-21,22750504564146.0
2017-06-22,22741414782048.0
2017-06-23,22785128769955.0
2017-06-26,22783484571482.0
2017-06-27,22586419634497.0
2017-06-28,22789619897311.0
2017-06-29,22580747175619.996
2017-06-30,22582352034959.0
2017-07-03,22612140309045.0
2017-07-04,22612140309045.0
2017-07-05,22631356766317.0
2017-07-06,22422267841523.0
2017-07-07,22570840011878.0
2017-07-10,22599024802196.004
2017-07-11,22585329529688.0
2017-07-12,22758627303231.0
2017-07-13,22790093996762.0
2017-07-14,22903055540939.004
2017-07-17,22897552611766.0
2017-07-18,22917394220059.0
2017-07-19,23040692673402.0
2017-07-20,23039423871455.0
2017-07-21,23034395064232.996
2017-07-24,23060375981527.0
2017-07-25,23104602655864.0
2017-07-26,23061236925491.0
2017-07-27,23037760954595.0
2017-07-28,23010991410597.0
2017-07-31,22974379872663.004
2017-08-01,23026433527770.0
2017-08-02,23024955579554.0
2017-08-03,22969290857935.0
2017-08-04,23011315108775.0
2017-08-07,23048067012669.0
2017-08-08,22992975104123.0
2017-08-09,22981368183667.0
2017-08-10,22646546871001.0
2017-08-11,22681483417666.0
2017-08-14,22908155873247.0
2017-08-15,22895472642096.0
2017-08-16,22929891814372.0
2017-08-17,22573026151415.0
2017-08-18,22532873215891.0
2017-08-21,22554709821771.0
2017-08-22,22784253236412.0
2017-08-23,22708837169291.0
2017-08-24,22655881893328.0
2017-08-25,22685706065321.004
2017-08-28,22691909652870.0
2017-08-29,22722737920463.0
2017-08-30,22830137660762.0
2017-08-31,22959303686321.996
2017-09-01,22857496378795.0
2017-09-04,23014737649053.0
2017-09-05,22842630469765.0
2017-09-06,22911451857496.0
2017-09-07,22915958354142.0
2017-09-08,22872767720019.004
2017-09-11,23113367353057.0
2017-09-12,23190770024483.0
2017-09-13,23212824406692.0
2017-09-14,23178289827626.0
2017-09-15,23211033584807.0
2017-09-18,23237778639562.0
2017-09-19,23266791775844.0
2017-09-20,23289348187586.004
2017-09-21,23219464431767.996
2017-09-22,23229740870152.996
2017-09-25,23169989732884.0
2017-09-26,23175426125727.0
2017-09-27,23284174802708.996
2017-09-28,23313552083419.0
2017-09-29,23402833200605.996
2017-10-09,23603601474331.004
2017-10-10,23657087062718.0
2017-10-11,23712954888585.0
2017-10-12,23676374059390.0
2017-10-13,23692268769288.996
2017-10-16,23732146116924.0
2017-10-17,23749534860917.0
2017-10-18,23767943748172.0
2017-10-19,23766009114915.0
2017-10-20,23886970502803.996
2017-10-23,23774861870050.996
2017-10-24,23811979468944.996
2017-10-25,23708060989064.004
2017-10-26,23735574110591.0
2017-10-27,23961071541360.0
2017-10-30,23882703305689.0
2017-10-31,23903959225535.0
2017-11-01,23949427664850.996
2017-11-02,23959545040433.0
2017-11-03,24034722435847.996
2017-11-06,24065768320481.0
2017-11-07,24070184739515.0
2017-11-08,24112201424331.004
2017-11-09,24019112618189.996
2017-11-10,23998588467048.0
2017-11-13,24024279654481.0
2017-11-14,23971760675807.0
2017-11-15,23841998443279.0
2017-11-16,24055944686050.0
2017-11-17,23989852973679.0
2017-11-20,24015729350741.0
2017-11-21,24176770390840.996
2017-11-22,24160934193030.0
2017-11-23,24160934193030.0
2017-11-24,24215301477133.004
2017-11-27,24217246809088.996
2017-11-28,24435178345454.996
2017-11-29,24403238071336.004
2017-11-30,24588944814829.0
2017-12-01,24531362738196.0
2017-12-04,24497585441929.0
2017-12-05,24412094441800.0
2017-12-06,24422248452956.0
2017-12-07,24504922140105.0
2017-12-08,24635451993690.0
2017-12-11,24713160042419.0
2017-12-12,24747183736321.996
2017-12-13,24737391173841.0
2017-12-14,24652445452777.0
2017-12-15,24873783033719.0
2017-12-18,25013856485682.0
2017-12-19,24933212769011.0
2017-12-20,24905454675868.0
2017-12-21,24951756905461.0
2017-12-22,24939848423324.0
2017-12-25,24939760308393.0
2017-12-26,24914369796595.996
2017-12-27,24927429141489.0
2017-12-28,24968134081939.0
2017-12-29,24841888734432.0
2018-01-02,25004454934871.996
2018-01-03,25162035159489.004
2018-01-04,25262986566698.0
2018-01-05,25446622920054.0
2018-01-08,25495486018105.996
2018-01-09,25524549261297.0
2018-01-10,25491076131628.0
2018-01-11,25667363809499.0
2018-01-12,25845278983652.0
2018-01-15,25845278983652.0
2018-01-16,25755058375657.0
2018-01-17,25996175161128.996
2018-01-18,25955490597180.0
2018-01-19,26073988184678.0
2018-01-22,26294745548870.0
2018-01-23,26364933887292.0
2018-01-24,26346964192449.004
2018-01-25,26372355804797.0
2018-01-26,26677294650471.0
2018-01-29,26499825703502.0
2018-01-30,26217879199355.0
2018-01-31,26231965826982.004
2018-02-01,26208293226851.0
2018-02-02,25631594566490.0
2018-02-05,24575969597775.0
2018-02-06,25007165070321.004
2018-02-07,24862313701007.0
2018-02-08,23925319546983.0
2018-02-09,24292544222126.004
2018-02-12,24628045969236.004
2018-02-13,24695223161433.0
2018-02-14,25032358352878.0
2018-02-22,25078746274562.0
2018-02-23,25479070338593.996
2018-02-26,25774447858009.0
2018-02-27,25434376810236.0
2018-02-28,25155243509310.004
2018-03-01,24804347418038.996
2018-03-02,24935235377779.004
2018-03-05,25210840106687.004
2018-03-06,25280031762341.0
2018-03-07,25281051707564.0
2018-03-08,25400547332016.0
2018-03-09,25847487163995.0
2018-03-12,25822086855647.0
2018-03-13,25643659295782.0
2018-03-14,25514302684176.0
2018-03-15,25490904478951.996
2018-03-16,25524951266057.0
2018-03-19,25179904279359.004
2018-03-20,25207803910798.0
2018-03-21,25160068172392.996
2018-03-22,24520064161594.0
2018-03-23,24002925964558.0
2018-03-26,24654248337241.0
2018-03-27,24201965681288.0
2018-03-28,24128165189997.0
2018-03-29,24475097710499.0
2018-03-30,24475211090438.0
2018-04-02,23850287269418.996
2018-04-03,24144635022778.0
2018-04-04,24429321912766.0
2018-04-09,24142983870284.0
2018-04-10,24544020823312.996
2018-04-11,24405972245079.004
2018-04-12,24605847801900.0
2018-04-13,24535336569186.0
2018-04-16,24735560944630.0
2018-04-17,25021411508971.0
2018-04-18,25036990166749.0
2018-04-19,24916793820510.996
2018-04-20,24693004662220.996
2018-04-23,24686434646015.0
2018-04-24,24326533017854.0
2018-04-25,24370551490482.0
2018-04-26,24639350760735.0
2018-04-27,24655269593052.0
2018-05-02,24335066606165.0
2018-05-03,24285372409874.0
2018-05-04,24604574482671.0
2018-05-07,24692617412487.996
2018-05-08,24686105663381.0
2018-05-09,24928266214713.0
2018-05-10,25163808661472.996
2018-05-11,25206644821849.0
2018-05-14,25230268430440.0
2018-05-15,25050484971701.004
2018-05-16,25153659028003.996
2018-05-17,25125016532171.0
2018-05-18,25050101404343.0
2018-05-21,25239669104903.0
2018-05-22,25155270439278.0
2018-05-23,25247078333131.0
2018-05-24,25198590548331.0
2018-05-25,25140741034062.0
2018-05-28,25138901771660.0
2018-05-29,24849362450503.996
2018-05-30,25160810200240.0
2018-05-31,25021869711458.996
2018-06-01,25302412584154.0
2018-06-04,25431303315547.0
2018-06-05,25460266546936.0
2018-06-06,25665590641686.0
2018-06-07,25609321195860.0
2018-06-08,25686209420387.0
2018-06-11,25723808009866.0
2018-06-12,25776231175285.0
2018-06-13,25680840094987.0
2018-06-14,25759503724960.0
2018-06-15,25735050871842.0
2018-06-19,25617578333310.0
2018-06-20,25612104821214.0
2018-06-21,25447490229808.0
2018-06-22,25492356015516.0
2018-06-25,25129576881878.0
2018-06-26,25179191588976.0
2018-06-27,24960261132789.0
2018-06-28,25114503311121.996
2018-06-29,25133726875286.004
2018-07-02,25161865969038.0
2018-07-03,25021836822287.0
2018-07-04,25021836822287.0
2018-07-05,25247232052992.0
2018-07-06,25465096016915.0
2018-07-09,25695356912374.0
2018-07-10,25780888926881.0
2018-07-11,25604763907290.0
2018-07-12,25829966540191.0
2018-07-13,25863229163571.0
2018-07-16,25831496479787.0
2018-07-17,25945826486565.0
2018-07-18,25990134998701.0
2018-07-19,25883127321669.0
2018-07-20,25852792834717.0
2018-07-23,25907065042944.004
2018-07-24,26057836058487.0
2018-07-25,26298230231780.0
2018-07-26,26213457544221.0
2018-07-27,26024112146345.0
2018-07-30,25858495968548.004
2018-07-31,25971761604517.004
2018-08-01,25941650000507.0
2018-08-02,26073108815521.0
2018-08-03,26190850540858.0
2018-08-06,26275737886221.0
2018-08-07,26357408827534.0
2018-08-08,26355023935726.0
2018-08-09,26322026222187.0
2018-08-10,26135388869520.996
2018-08-13,26033388460098.0
2018-08-14,26203529124687.0
2018-08-15,25987153006703.0
2018-08-16,26185651380180.996
2018-08-17,26261283622912.0
2018-08-20,26326168621053.0
2018-08-21,26373556444513.996
2018-08-22,26369001715175.0
2018-08-23,26322353838728.0
2018-08-24,26489159714506.0
2018-08-27,26698795789716.0
2018-08-28,26699485837780.0
2018-08-29,26863247358886.0
2018-08-30,26741212760435.0
2018-08-31,26712433606500.0
2018-09-03,26712430921577.0
2018-09-04,26650070395196.0
2018-09-05,26562766738660.0
2018-09-06,26454606368139.0
2018-09-07,26392233914225.0
2018-09-10,26441353247882.0
2018-09-11,26548850628797.0
2018-09-12,26545790470668.0
2018-09-13,26683669497483.0
2018-09-14,26686286816825.0
2018-09-17,26523894830984.996
2018-09-18,26664967273405.0
2018-09-19,26701901650791.996
2018-09-20,26917937096409.996
2018-09-21,26889669559022.004
2018-09-25,26786828448800.0
2018-09-26,26703753333558.0
2018-09-27,26787038523626.0
2018-09-28,26784367028993.0
2018-10-08,26372440576492.0
2018-10-09,26329361749744.0
2018-10-10,25450514327004.0
2018-10-11,24959932830663.0
2018-10-12,25329373717472.0
2018-10-15,25174388502289.0
2018-10-16,25721115792111.0
2018-10-17,25712689020993.0
2018-10-18,25330304029313.0
2018-10-19,25327288726753.0
2018-10-22,25233414691128.996
2018-10-23,25104417560596.0
2018-10-24,24312611550937.0
2018-10-25,24789424305266.0
2018-10-26,24347187236305.0
2018-10-29,24141425730696.0
2018-10-30,24521413285652.0
2018-10-31,24862833746794.0
2018-11-01,25118261648790.0
2018-11-02,24951104384095.996
2018-11-05,25057586579710.0
2018-11-06,25210618981612.0
2018-11-07,25756768747817.996
2018-11-08,25686761551215.0
2018-11-09,25442975550424.0
2018-11-12,24937163188421.996
2018-11-13,24899799276573.0
2018-11-14,24722152589362.996
2018-11-15,24983694384216.0
2018-11-16,25026030423038.996
2018-11-19,24585954970933.0
2018-11-20,24161948926339.0
2018-11-21,24247023850057.996
2018-11-22,24247023850057.996
2018-11-23,24088768592824.996
2018-11-26,24473003691880.004
2018-11-27,24542259090173.0
2018-11-28,25118647296731.0
2018-11-29,25066304505760.004
2018-11-30,25259434137178.996
2018-12-03,25479582192282.0
2018-12-04,24639217473117.0
2018-12-05,24639037016803.004
2018-12-06,24618423604309.0
2018-12-07,24039252713881.0
2018-12-10,24086149555203.0
2018-12-11,24085034811416.0
2018-12-12,24219202120674.0
2018-12-13,24210188403537.0
2018-12-14,23748217845194.996
2018-12-17,23250683718072.0
2018-12-18,23270157927355.0
2018-12-19,22912846282531.0
2018-12-20,22550673278564.0
2018-12-21,22072377569596.0
2018-12-24,21455429868588.0
2018-12-25,21455429868588.0
2018-12-26,22534580809712.0
2018-12-27,22720766120954.0
2018-12-28,22687584617611.0
2019-01-02,22883763319290.0
2019-01-03,22323761981118.0
2019-01-04,23104236170923.0
2019-01-07,23263453462243.0
2019-01-08,23491739291079.996
2019-01-09,23580926093202.0
2019-01-10,23677845703281.004
2019-01-11,23662363538143.0
2019-01-14,23535115557334.0
2019-01-15,23806988438876.0
2019-01-16,23859962830253.0
2019-01-17,24041334508460.0
2019-01-18,24355324697068.0
2019-01-21,24355289936366.0
2019-01-22,24002877205826.996
2019-01-23,24056181612259.0
2019-01-24,24088144691592.0
2019-01-25,24296525553578.0
2019-01-28,24093732655063.0
2019-01-29,24046928843642.0
2019-01-30,24426551088395.0
2019-01-31,24652448563182.0
2019-02-01,24656746910124.0
2019-02-11,24663532982306.0
2019-02-12,24987744214180.004
2019-02-13,25057695161282.0
2019-02-14,24996273432620.0
2019-02-15,25261739232648.0
2019-02-18,25259060874333.0
2019-02-19,25303029993095.004
2019-02-20,25337851033716.0
2019-02-21,25239068785020.0
2019-02-22,25399888348209.0
2019-02-25,25428350447948.0
2019-02-26,25402510887277.004
2019-02-27,25393184415391.0
2019-02-28,25322639114908.0
2019-03-01,25506910911204.0
2019-03-04,25418456868981.0
2019-03-05,25404215026791.0
2019-03-06,25241046646460.0
2019-03-07,25030512189736.0
2019-03-08,24979277510268.0
2019-03-11,25353836744060.996
2019-03-12,25438089881279.0
2019-03-13,25608309715866.0
2019-03-14,25579903600777.0
2019-03-15,25698379516646.0
2019-03-18,25788663968578.0
2019-03-19,25845282763175.996
2019-03-20,25605210166855.0
2019-03-21,25881595021703.0
2019-03-22,25385383801706.0
2019-03-25,25358542917956.0
2019-03-26,25526386770036.996
2019-03-27,25401820999716.0
2019-03-28,25484820407857.0
2019-03-29,25653572496048.004
2019-04-01,25938003198270.996
2019-04-02,25900078050685.0
2019-04-03,25952575592701.996
2019-04-04,26012618200987.0
2019-04-08,26148864040529.0
2019-04-09,25992513644204.996
2019-04-10,26085995114382.0
2019-04-11,26089244613663.996
2019-04-12,26260740103101.0
2019-04-15,26249681866519.0
2019-04-16,26266714380194.0
2019-04-17,26219072029067.0
2019-04-18,26268220898891.0
2019-04-19,26268936873452.0
2019-04-22,26300101526191.0
2019-04-23,26538456827357.996
2019-04-24,26477124580886.0
2019-04-25,26473020122816.0
2019-04-26,26599519394966.0
2019-04-29,26625621199094.0
2019-04-30,26611805951113.0
2019-05-06,26497145329295.996
2019-05-07,26064315009509.0
2019-05-08,26018492910081.0
2019-05-09,25939814302399.0
2019-05-10,26034072421327.0
2019-05-13,25399813025997.0
2019-05-14,25589912156904.0
2019-05-15,25772146091138.0
2019-05-16,26002170379883.0
2019-05-17,25842341147102.0
2019-05-20,25656644014958.0
2019-05-21,25873917337954.996
2019-05-22,25807137168227.0
2019-05-23,25496603115521.0
2019-05-24,25524871292101.0
2019-05-27,25525058572738.0
2019-05-28,25325471304994.996
2019-05-29,25139291943400.0
2019-05-30,25188794647034.996
2019-05-31,24859528483767.0
2019-06-03,24732651869778.0
2019-06-04,25255155655330.0
2019-06-05,25445893001370.0
2019-06-06,25599049251334.0
2019-06-10,26014565680467.0
2019-06-11,26012988437100.0
2019-06-12,25962196649917.0
2019-06-13,26074868167750.0
2019-06-14,26032025413458.0
2019-06-17,26063472111957.0
2019-06-18,26313486303510.0
2019-06-19,26388755644130.0
2019-06-20,26639320253723.0
2019-06-21,26616576340752.0
2019-06-24,26565655592067.0
2019-06-25,26296496016317.0
2019-06-26,26261643786650.0
2019-06-27,26356126829383.0
2019-06-28,26508892273425.004
2019-07-01,26628540125317.996
2019-07-02,26716015186277.0
2019-07-03,26923330798038.996
2019-07-04,26923330798038.996
2019-07-05,26885286428217.0
2019-07-08,26750767955376.0
2019-07-09,26792189396357.004
2019-07-10,26923521527543.996
2019-07-11,26984803389404.996
2019-07-12,27099531758322.0
2019-07-15,27145112407425.0
2019-07-16,27058622348135.0
2019-07-17,26885479196535.0
2019-07-18,26975805998110.0
2019-07-19,26796700881523.0
2019-07-22,26876652917884.0
2019-07-23,27061428840262.0
2019-07-24,27176509547673.996
2019-07-25,27034815804734.0
2019-07-26,27311110385043.996
2019-07-29,27251402432479.0
2019-07-30,27170529778112.0
2019-07-31,26871523339274.0
2019-08-01,26632952562102.0
2019-08-02,26428878362823.0
2019-08-05,25668698239513.996
2019-08-06,26003938629884.0
2019-08-07,26030372315134.0
2019-08-08,26522612041514.0
2019-08-09,26320249557765.004
2019-08-12,26003725318831.0
2019-08-13,26392587550396.0
2019-08-14,25619048732125.0
2019-08-15,25703736806946.0
2019-08-16,26088232515895.0
2019-08-19,26411241081002.0
2019-08-20,26195470951121.996
2019-08-21,26408720128757.0
2019-08-22,26393116236783.0
2019-08-23,25702561109179.0
2019-08-26,25990427564569.0
2019-08-27,25911188018983.0
2019-08-28,26076557023401.0
2019-08-29,26412499777673.996
2019-08-30,26423276159033.0
2019-09-02,26419245558381.0
2019-09-03,26231595070951.0
2019-09-04,26517562626484.0
2019-09-05,26873693837430.0
2019-09-06,26890178868428.0
2019-09-09,26890973954461.004
2019-09-10,26895889914462.0
2019-09-11,27091962532174.0
2019-09-12,27177157346336.004
2019-09-16,27069468302268.0
2019-09-17,27135817455833.0
2019-09-18,27146391993468.0
2019-09-19,27152182077536.996
2019-09-20,27016283326524.0
2019-09-23,27010811170886.0
2019-09-24,26778385956654.0
2019-09-25,26960496854862.0
2019-09-26,26897840291623.996
2019-09-27,26748573144550.0
2019-09-30,26826093512047.0
2019-10-08,26118081561418.0
2019-10-09,26357474919575.0
2019-10-10,26525069145203.0
2019-10-11,26813106237837.0
2019-10-14,26777188542532.0
2019-10-15,27052389690409.004
2019-10-16,27005994380403.0
2019-10-17,27085453815765.0
2019-10-18,26970907082129.0
2019-10-21,27145638273369.004
2019-10-22,27046439616412.0
2019-10-23,27129271864569.0
2019-10-24,27183840191470.0
2019-10-25,27285124526643.0
2019-10-28,27450213874060.0
2019-10-29,27403869714351.0
2019-10-30,27489036167591.0
2019-10-31,27405665852637.0
2019-11-01,27667549080514.0
2019-11-04,27773210033138.0
2019-11-05,27743231207250.0
2019-11-06,27761762677187.0
2019-11-07,27849534018647.0
2019-11-08,27917181460829.0
2019-11-11,27854889607587.0
2019-11-12,27896110392204.0
2019-11-13,27914488208786.0
2019-11-14,27945964565962.0
2019-11-15,28165386092274.0
2019-11-18,28172912046038.0
2019-11-19,28155541754947.0
2019-11-20,28043670469274.996
2019-11-21,27974170557868.0
2019-11-22,28028889682968.996
2019-11-25,28240874293646.0
2019-11-26,28308536004732.0
2019-11-27,28422486069622.0
2019-11-28,28422531781986.0
2019-11-29,28306640418219.0
2019-12-02,28054149748331.0
2019-12-03,27878650282487.0
2019-12-04,28063790119400.0
2019-12-05,28110565793853.0
2019-12-06,28364958017557.996
2019-12-09,28265639271894.004
2019-12-10,28234227508827.0
2019-12-11,28314199661002.0
2019-12-12,28545430519972.0
2019-12-13,28545697669234.0
2019-12-16,28750056250760.004
2019-12-17,28756557822841.0
2019-12-18,28745799399425.0
2019-12-19,28874582137885.0
2019-12-20,29004773473048.0
2019-12-23,29059034585186.0
2019-12-24,29048819203079.0
2019-12-25,29048819203079.0
2019-12-26,29211110835376.0
2019-12-27,29203763281292.0
2019-12-30,29007396477241.0
2019-12-31,29103730958761.0
2020-01-02,29362923954072.0
2020-01-03,29158474251152.0
2020-01-06,29284909447611.0
2020-01-07,29206180028879.0
2020-01-08,29349495311609.0
2020-01-09,29549723414518.0
2020-01-10,29475968326255.004
2020-01-13,29682642082664.0
2020-01-14,29634348729947.0
2020-01-15,29693485669304.0
2020-01-16,29942987002410.0
2020-01-17,30067999199841.0
2020-01-20,30067956383666.0
2020-01-21,29994177416437.996
2020-01-22,30002604695517.996
2020-01-23,30031914241911.0
2020-02-03,29357031603078.0
2020-02-04,29754304610055.0
2020-02-05,30080036540588.004
2020-02-06,30195874913009.0
2020-02-07,30045650474895.0
2020-02-10,30279873839843.996
2020-02-11,30333636229821.0
2020-02-12,30530983241098.0
2020-02-13,30481255387086.0
2020-02-14,30549733685143.0
2020-02-17,30549793074765.0
2020-02-18,30465837754786.0
2020-02-19,30605180110753.004
2020-02-20,30482523178053.004
2020-02-21,30144432946400.0
2020-02-24,29121536936411.0
2020-02-25,28245904215204.0
2020-02-26,28145819321897.996
2020-02-27,26899285256910.0
2020-02-28,26702801432562.0
2020-03-02,27908096820797.0
2020-03-03,27120347385397.0
2020-03-04,28249594195347.0
2020-03-05,27277816327829.0
2020-03-06,26819997535236.0
2020-03-09,24811252858257.0
2020-03-10,26035608673273.0
2020-03-11,24762000581002.0
2020-03-12,22416062992623.0
2020-03-13,24493630766081.0
2020-03-16,21583097135221.0
2020-03-17,22860572231328.0
2020-03-18,21730775497967.0
2020-03-19,21847306312374.0
2020-03-20,20902627025574.0
2020-03-23,20314116615227.0
2020-03-24,22180826570237.004
2020-03-25,22396564012439.0
2020-03-26,23775899794218.996
2020-03-27,22964997046289.0
2020-03-30,23708662383406.0
2020-03-31,23312266928718.0
2020-04-01,22289248782465.0
2020-04-02,22780982942528.0
2020-04-03,22435558794906.996
2020-04-07,23953015931391.0
2020-04-08,24750407778419.0
2020-04-09,25090622864404.0
2020-04-10,25090621780213.0
2020-04-13,24865466835011.0
2020-04-14,25641579626026.0
2020-04-15,25100052362146.0
2020-04-16,25248732049860.0
2020-04-17,25908245393294.0
2020-04-20,25450834893147.996
2020-04-21,24663181711427.0
2020-04-22,25237328613618.0
2020-04-23,25236618002796.996
2020-04-24,25570488781323.0
2020-04-27,25921835331199.004
2020-04-28,25760838673091.0
2020-04-29,26498029284759.0
2020-04-30,26343591665161.0
2020-05-06,25796365055534.0
2020-05-07,26105131989369.0
2020-05-08,26541754426885.0
2020-05-11,26555965116091.0
2020-05-12,25999007913562.004
2020-05-13,25548272892826.0
2020-05-14,25836542526925.0
2020-05-15,25954413931177.0
2020-05-18,26746813494674.0
2020-05-19,26471990217163.0
2020-05-20,26922870018721.0
2020-05-21,26714959090115.0
2020-05-22,26793267784860.0
2020-05-25,26793271286420.004
2020-05-26,27113235558173.0
2020-05-27,27492288534239.996
2020-05-28,27436314197438.0
2020-05-29,27573097091749.0
2020-06-01,27685581986404.0
2020-06-02,27905335548611.004
2020-06-03,28264890613052.0
2020-06-04,28149465736215.0
2020-06-05,28868077709716.0
2020-06-08,29215882848774.0
2020-06-09,29008618523901.0
2020-06-10,28872564299979.0
2020-06-11,27209089410365.0
2020-06-12,27551603763900.0
2020-06-15,27782083027143.0
2020-06-16,28303217527295.0
2020-06-17,28210353774016.0
2020-06-18,28219772403228.0
2020-06-19,28064941614244.0
2020-06-22,28288385434534.0
2020-06-23,28418121864912.0
2020-06-24,27694101894783.0
2020-06-29,27660244184962.0
2020-06-30,28123751192234.0
2020-07-01,28287833407420.0
2020-07-02,28427501180928.996
2020-07-03,28429786536557.004
2020-07-06,28891224780341.0
2020-07-07,28592993506810.004
2020-07-08,28816460748088.004
2020-07-09,28681379268314.0
2020-07-10,28991583066155.0
2020-07-13,28703460309245.0
2020-07-14,29073226462062.996
2020-07-15,29321425964016.0
2020-07-16,29218273405777.996
2020-07-17,29288322360235.0
2020-07-20,29569799573719.0
2020-07-21,29609368381944.0
2020-07-22,29773397011484.0
2020-07-23,29377500592951.004
2020-07-24,29201906726295.0
2020-07-27,29423747245555.0
2020-07-28,29217566089276.0
2020-07-29,29582393283716.0
2020-07-30,29489883680468.0
2020-07-31,29680078905233.0
2020-08-03,29869266878269.0
2020-08-04,29970058928479.0
2020-08-05,30157763174674.0
2020-08-06,30368188104540.0
2020-08-07,30387093977854.0
2020-08-10,30470433662609.0
2020-08-11,30223425191175.0
2020-08-12,30648011840165.0
2020-08-13,30601382127842.0
2020-08-14,30589508139317.004
2020-08-17,30682517580847.996
2020-08-18,30786955487900.0
2020-08-19,30647591094675.004
2020-08-20,30762097287894.0
2020-08-21,30861989730415.0
2020-08-24,31168348773751.996
2020-08-25,31293658314887.0
2020-08-26,31637240346803.004
2020-08-27,31674422051407.0
2020-08-28,31893252659628.0
2020-08-31,31810696741348.0
2020-09-01,32070948908744.996
2020-09-02,32590804844144.0
2020-09-03,31428734047401.0
2020-09-04,31144087832259.0
2020-09-07,31143861259102.996
2020-09-08,30265264120345.0
2020-09-09,30869091317017.004
2020-09-10,30330016886908.0
2020-09-11,30333026832663.004
2020-09-14,30699525206119.0
2020-09-15,30875909687234.996
2020-09-16,30715735291018.0
2020-09-17,30443361469042.0
2020-09-18,30083772133810.0
2020-09-21,29764523840406.0
2020-09-22,30100538249180.004
2020-09-23,29374756330638.0
2020-09-24,29470701162158.0
2020-09-25,29937196465675.0
2020-09-28,30396673716175.0
2020-09-29,30261674425000.0
2020-09-30,30488769017903.0
2020-10-09,31514353955278.0
2020-10-12,32057036249237.0
2020-10-13,31868866380324.996
2020-10-14,31654486747690.0
2020-10-15,31600819657536.0
2020-10-16,31608765643344.0
2020-10-19,31082591411811.0
2020-10-20,31243196019732.0
2020-10-21,31207393849241.0
2020-10-22,31372356083270.996
2020-10-23,31503220246551.0
2020-10-26,30906294352204.0
2020-10-27,30834916263933.0
2020-10-28,29721323657610.0
2020-10-29,30101165603540.0
2020-10-30,29789951418164.0
2020-11-02,30161443806192.004
2020-11-03,30691315982942.0
2020-11-04,31422713480956.0
2020-11-05,32022203547720.0
2020-11-06,32016558326463.0
2020-11-09,32357746191230.0
2020-11-10,32290593891777.0
2020-11-11,32543885493720.004
2020-11-12,32231763845583.0
2020-11-13,32678238223989.0
2020-11-16,33042430373891.0
2020-11-17,32883553092526.0
2020-11-18,32510735421195.0
2020-11-19,32656527936435.0
2020-11-20,32425513693621.996
2020-11-23,32589067350636.0
2020-11-24,33120557125088.0
2020-11-25,33075971254354.0
2020-11-26,33075971254354.0
2020-11-27,33168509998841.0
2020-11-30,32998873802873.0
2020-12-01,33384973054699.0
2020-12-02,33459010925221.0
2020-12-03,33435834209852.0
2020-12-04,33713271704318.0
2020-12-07,33649681587946.0
2020-12-08,33735740369383.0
2020-12-09,33448715425472.004
2020-12-10,33398342335961.0
2020-12-11,33361542384041.0
2020-12-14,33208985229958.0
2020-12-15,33622525500573.0
2020-12-16,33680952015042.0
2020-12-17,33854390247866.996
2020-12-18,33731321428596.0
2020-12-21,34260354619878.0
2020-12-22,34177626420796.0
2020-12-23,34209063787449.004
2020-12-24,34329404990400.0
2020-12-25,34329449828242.0
2020-12-28,34632491147911.0
2020-12-29,34545930851120.0
2020-12-30,34575236219438.0
2020-12-31,34791992875805.996
2021-01-04,34281343341577.0
2021-01-05,34520701414938.0
2021-01-06,34697538459023.0
2021-01-07,35243302959409.0
2021-01-08,35453976066047.0
2021-01-11,35185485083407.0
2021-01-12,35188413938118.0
2021-01-13,35268272667124.0
2021-01-14,35120278934750.0
2021-01-15,34870760134776.0
2021-01-18,34870760134776.0
2021-01-19,35181765877384.0
2021-01-20,35734909319466.0
2021-01-21,35756989524458.0
2021-01-22,35663432253040.0
2021-01-25,35791311779076.0
2021-01-26,35758499982960.0
2021-01-27,34810737254259.0
2021-01-28,35141595509109.996
2021-01-29,34461005605453.0
2021-02-01,35063151530534.0
2021-02-02,35557240913882.0
2021-02-03,35696615411078.0
2021-02-04,36065644061303.0
2021-02-05,36235832767617.0
2021-02-08,36481818644103.0
2021-02-09,36431150418309.0
2021-02-10,36406433940871.0
2021-02-18,36474375269033.0
2021-02-19,36390101349365.0
2021-02-22,36099638294294.0
2021-02-23,36146674258771.0
2021-02-24,36553548540171.0
2021-02-25,35646485152081.0
2021-02-26,35491262771473.0
2021-03-01,36335197127277.0
2021-03-02,36048911702970.0
2021-03-03,35558673491384.0
2021-03-04,35130760764123.996
2021-03-05,35826245975814.0
2021-03-08,35573412378227.0
2021-03-09,36091885925659.0
2021-03-10,36303517087722.0
2021-03-11,36712906485670.0
2021-03-12,36712986832965.0
2021-03-15,36946638681866.0
2021-03-16,36910887017702.0
2021-03-17,37014313687468.0
2021-03-18,36439055572417.0
2021-03-19,36424565105282.0
2021-03-22,36762251488062.0
2021-03-23,36500319013970.0
2021-03-24,36286195882233.0
2021-03-25,36466339554282.0
2021-03-26,37014523246844.0
2021-03-29,36988331838644.0
2021-03-30,36884214937939.0
2021-03-31,36997476580620.0
2021-04-01,37463280700260.0
2021-04-02,37463367282758.0
2021-04-06,38019156126944.0
2021-04-07,38090729444172.0
2021-04-08,38256166115742.0
2021-04-09,38549532156679.0
2021-04-12,38526467397480.0
2021-04-13,38660840369929.0
2021-04-14,38490491033615.0
2021-04-15,38928941029208.0
2021-04-16,39060861864054.0
2021-04-19,38866547772687.0
2021-04-20,38603933051335.0
2021-04-21,38951370943559.0
2021-04-22,38588990544981.0
2021-04-23,39024647134275.0
2021-04-26,39100250479700.0
2021-04-27,39077920853959.0
2021-04-28,39102057617350.0
2021-04-29,39394723877728.0
2021-04-30,39100286680656.0
2021-05-06,39248924285565.0
2021-05-07,39534089151039.0
2021-05-10,39082539625040.0
2021-05-11,38744707564461.0
2021-05-12,37894363487546.0
2021-05-13,38349191216974.0
2021-05-14,38951191337005.0
2021-05-17,38864599742986.0
2021-05-18,38534407938488.0
2021-05-19,38429303034139.0
2021-05-20,38848438737814.0
2021-05-21,38802420477470.0
2021-05-24,39221773486720.0
2021-05-25,39144170875494.0
2021-05-26,39236111481610.0
2021-05-27,39264984160309.0
2021-05-28,39289592870687.0
2021-05-31,39291115848713.0
2021-06-01,39290289448327.0
2021-06-02,39334335370275.0
2021-06-03,39260667269362.0
2021-06-04,39613507261452.0
2021-06-07,39591608099196.0
2021-06-08,39600150471307.0
2021-06-09,39530611218509.0
2021-06-10,39741478391095.0
2021-06-11,39810056719139.0
2021-06-15,39733840489292.0
2021-06-16,39519860893381.0
2021-06-17,39526525338871.0
2021-06-18,39016495985839.0
2021-06-21,39552942384881.0
2021-06-22,39757632979596.0
2021-06-23,39715541214257.0
2021-06-24,39945091335661.0
2021-06-25,40071614717172.0
2021-06-28,40142689889524.0
2021-06-29,40142016464855.0
2021-06-30,40143567921694.0
2021-07-01,40348271105333.0
2021-07-02,40679345645340.0
2021-07-05,40673496275953.0
2021-07-06,40618267900910.0
2021-07-07,40748963498138.0
2021-07-08,40407038196430.0
2021-07-09,40843363370824.0
2021-07-12,40998034102114.0
2021-07-13,40862670009799.0
2021-07-14,40921810417127.0
2021-07-15,40758936103166.0
2021-07-16,40466762068674.0
2021-07-19,39823741326755.0
2021-07-20,40419875659266.0
2021-07-21,40839894249275.0
2021-07-22,40935586268960.0
2021-07-23,41395465497844.0
2021-07-26,41511908345407.0
2021-07-27,41278717711895.0
2021-07-28,41301114836688.0
2021-07-29,41457786221216.0
2021-07-30,41209902618639.0
2021-08-02,41136512135028.0
2021-08-03,41458727487288.0
2021-08-04,41284530701791.0
2021-08-05,41541374427597.0
2021-08-06,41595967632297.0
2021-08-09,41584315924047.0
2021-08-10,41623110960584.0
2021-08-11,41703819308263.0
2021-08-12,41831531215882.0
2021-08-13,41896815777373.0
2021-08-16,42000763049157.0
2021-08-17,41691958592262.0
2021-08-18,41253789282583.0
2021-08-19,41297139017021.0
2021-08-20,41639590659906.0
2021-08-23,42023137816768.0
2021-08-24,42102450839402.0
2021-08-25,42211814651255.0
2021-08-26,41964551730177.0
2021-08-27,42353160403559.0
2021-08-30,42535736572919.0
2021-08-31,42484146062349.0
2021-09-01,42508780164779.0
2021-09-02,42587889200615.0
2021-09-03,42584194297299.0
2021-09-06,42583899438860.0
2021-09-07,42465706492969.0
2021-09-08,42403931042012.0
2021-09-09,42218137878475.0
2021-09-10,41866986180891.0
2021-09-13,41970638716145.0
2021-09-14,41737038009961.0
2021-09-15,42093714439035.0
2021-09-16,42024989805241.0
2021-09-17,41607227574307.0
2021-09-22,41319964649947.0
2021-09-23,41809523285491.0
2021-09-24,41885288346923.0
2021-09-27,41745793272142.0
2021-09-28,40863076840810.0
2021-09-29,40901074649352.0
2021-09-30,40530603830575.0
2021-10-08,41122498475559.0
2021-10-11,40840656892957.0
2021-10-12,40718381418213.0
2021-10-13,40852554211706.0
2021-10-14,41557755510727.0
2021-10-15,41853831658990.0
2021-10-18,42018615374658.0
2021-10-19,42313993963097.0
2021-10-20,42433483507576.0
2021-10-21,42560531324687.0
2021-10-22,42449868537759.0
2021-10-25,42655532014336.0
2021-10-26,42752550207606.0
2021-10-27,42640989365190.0
2021-10-28,43032480916700.0
2021-10-29,43129847470104.0
2021-11-01,43191555557736.0
2021-11-02,43397068554398.0
2021-11-03,43693605468620.01
2021-11-04,43887004995905.0
2021-11-05,44053613097752.0
2021-11-08,44072622069665.0
2021-11-09,43906532285091.0
2021-11-10,43527846000424.0
2021-11-11,43547021951817.0
2021-11-12,43886310051854.0
2021-11-15,43883671837524.99
2021-11-16,44035099669975.01
2021-11-17,43938060871370.0
2021-11-18,44107555242192.0
2021-11-19,44041379983836.0
2021-11-22,43864130422863.0
2021-11-23,43915790644994.0
2021-11-24,44014787270017.01
2021-11-25,44014787270017.01
2021-11-26,43012322961100.0
2021-11-29,43598932918757.0
2021-11-30,42765935543234.0
2021-12-01,42250526497587.0
2021-12-02,42845116615615.0
2021-12-03,42481818227775.0
2021-12-06,42974097639212.0
2021-12-07,43878355643034.0
2021-12-08,44019759950057.0
2021-12-09,43704712323930.0
2021-12-10,44113727186997.99
2021-12-13,43698982219125.0
2021-12-14,43365226553054.0
2021-12-15,44078652996603.0
2021-12-16,43670905943018.0
2021-12-17,43209644705979.99
2021-12-20,42757137310560.0
2021-12-21,43513155214809.0
2021-12-22,43976151882372.0
2021-12-23,44250188107622.0
2021-12-24,44250168229911.0
2021-12-27,44827211377390.0
2021-12-28,44765625304395.0
2021-12-29,44818793416392.0
2021-12-30,44683420699107.0
2021-12-31,44494284322420.0
2022-01-04,44738818435304.0
2022-01-05,43807781715417.99
2022-01-06,43761925023878.0
2022-01-07,43577009145804.01
2022-01-10,43536626060065.0
2022-01-11,43940213890746.0
2022-01-12,44084144980232.0
2022-01-13,43442615428398.0
2022-01-14,43482375111793.0
2022-01-17,43482375111793.0
2022-01-18,42662756692498.0
2022-01-19,42255395401749.0
2022-01-20,41779468817569.0
2022-01-21,40968856548511.0
2022-01-24,41084173141225.0
2022-01-25,40539681148409.0
2022-01-26,40509046591121.0
2022-01-27,40283504697698.0
2022-01-28,41278712727731.0
2022-02-07,41827129763739.0
2022-02-08,42163106518526.0
2022-02-09,42779148335845.0
2022-02-10,42003450070868.0
2022-02-11,41165779216459.0
2022-02-14,41088015094842.0
2022-02-15,41688525913335.0
2022-02-16,41734736082184.0
2022-02-17,40817943893937.0
2022-02-18,40502065060948.0
2022-02-21,40498377405898.0
2022-02-22,40086083683510.0
2022-02-23,39342278295491.0
2022-02-24,39987368646165.0
2022-02-25,40857321056651.0
2022-02-28,40829015391431.0
2022-03-01,40215262093339.0
2022-03-02,40905156864431.0
2022-03-03,40679704128660.0
2022-03-04,40339270937238.0
2022-03-07,39108470133829.0
2022-03-08,38852636485341.0
2022-03-09,39902077903432.0
2022-03-10,39734527975250.0
2022-03-11,39193688614551.0
2022-03-14,38855892928682.0
2022-03-15,39686786298020.0
2022-03-16,40597619184368.0
2022-03-17,41085873612874.0
2022-03-18,41584751890375.0
2022-03-21,41557533272232.0
2022-03-22,42075523753711.0
2022-03-23,41562753036649.0
2022-03-24,42168814274872.0
2022-03-25,42367670018264.0
2022-03-28,42655473147918.0
2022-03-29,43174877180302.0
2022-03-30,42905673460112.0
2022-03-31,42177007240754.0
2022-04-01,42331466368258.0
2022-04-06,41709568827960.0
2022-04-07,41861739624934.0
2022-04-08,41711758567506.0
2022-04-11,41020536533200.0
2022-04-12,40858598370740.0
2022-04-13,41336393460216.0
2022-04-14,40815528929833.0
2022-04-15,40808897464221.0
2022-04-18,40809748835369.0
2022-04-19,41479842113680.0
2022-04-20,41410024142132.0
2022-04-21,40787906346234.0
2022-04-22,39623665918621.0
2022-04-25,39885765000445.0
2022-04-26,38739924973505.0
2022-04-27,38757443341842.0
2022-04-28,39746816967273.0
2022-04-29,38293259750003.0
2022-05-05,38435669091022.0
2022-05-06,38202182818892.0
2022-05-09,36989305875364.0
2022-05-10,37097657435551.0
2022-05-11,36494336514515.0
2022-05-12,36441227520818.0
2022-05-13,37325380626746.0
2022-05-16,37151820506601.0
2022-05-17,37872457231536.0
2022-05-18,36333666089656.0
2022-05-19,36103157523847.0
2022-05-20,36084887398587.0
2022-05-23,36757436877159.0
2022-05-24,36375039845848.0
2022-05-25,36707555298977.0
2022-05-26,37449711926363.0
2022-05-27,38404022034743.0
2022-05-30,38403735555933.0
2022-05-31,38207887365321.0
2022-06-01,37935193361278.0
2022-06-02,38660568913579.0
2022-06-06,38156215990178.0
2022-06-07,38497124273800.0
2022-06-08,38110155240814.0
2022-06-09,37219108937917.0
2022-06-10,36139835441993.0
2022-06-13,34732929789002.0
2022-06-14,34630085919825.0
2022-06-15,35161550410757.0
2022-06-16,34022790727055.0
2022-06-17,34117648381625.0
2022-06-20,34117468934646.0
2022-06-21,35041262426254.0
2022-06-22,34997611288316.0
2022-06-23,35334101505412.0
2022-06-24,36443441251185.0
2022-06-27,36292276939756.0
2022-06-28,35531093540625.0
2022-06-29,35506993747776.0
2022-06-30,35127387473865.0
2022-07-01,35478397403142.0
2022-07-04,35470921048242.0
2022-07-05,35609798807619.0
2022-07-06,35747808490131.0
2022-07-07,36315721926891.0
2022-07-08,36299361835219.0
2022-07-11,35839211515734.0
2022-07-12,35504237904414.0
2022-07-13,35319336191674.0
2022-07-14,35200147289552.0
2022-07-15,35855973579521.0
2022-07-18,35531356860938.0
2022-07-19,36535774629571.0
2022-07-20,36748293367809.0
2022-07-21,37113156187475.0
2022-07-22,36641035417629.0
2022-07-25,36674590840190.0
2022-07-26,36210123995844.0
2022-07-27,37231312560801.0
2022-07-28,37678784943934.0
2022-07-29,38219798935549.0
2022-08-01,38088576201009.0
2022-08-02,37851915081430.0
2022-08-03,38463295955566.0
2022-08-04,38435647029207.0
2022-08-05,38361191230917.0
2022-08-08,38315362347498.0
2022-08-09,38152500533914.0
2022-08-10,38972667240981.0
2022-08-11,38927123438214.0
2022-08-12,39614895659708.0
2022-08-15,39776523417817.0
2022-08-16,39846753898082.0
2022-08-17,39540076315378.0
2022-08-18,39629860049013.0
2022-08-19,39099028086156.0
2022-08-22,38260535796361.0
2022-08-23,38173846510111.0
2022-08-24,38277391557579.0
2022-08-25,38832712912754.0
2022-08-26,37494806330340.0
2022-08-29,37244033239418.0
2022-08-30,36847756177475.0
2022-08-31,36557963223163.0
2022-09-01,36688104957213.0
2022-09-02,36283741748723.0
2022-09-05,36283556609246.0
2022-09-06,36129467243172.0
2022-09-07,36806783504173.0
2022-09-08,37021641686531.0
2022-09-09,37598828062015.0
2022-09-13,36320183627963.0
2022-09-14,36450554530931.0
2022-09-15,36028819788424.0
2022-09-16,35772787270587.0
2022-09-19,36055816243163.0
2022-09-20,35642328207122.0
2022-09-21,35034471963413.0
2022-09-22,34755785746012.996
2022-09-23,34154231417326.004
2022-09-26,33803215641597.0
2022-09-27,33723581846520.0
2022-09-28,34403445658902.0
2022-09-29,33665227629012.0
2022-09-30,33089307216679.0
2022-10-10,33345482105866.0
2022-10-11,33128770588326.996
2022-10-12,33035576809973.0
2022-10-13,33858355959387.004
2022-10-14,33045317494965.0
2022-10-17,33933625616785.0
2022-10-18,34310091665244.004
2022-10-19,34077335179151.0
2022-10-20,33835458276937.0
2022-10-21,34605673281810.004
2022-10-24,35029704626500.0
2022-10-25,35602550258104.0
2022-10-26,35219172512217.0
2022-10-27,34966968276983.0
2022-10-28,35831413309234.0
2022-10-31,35543462546980.0
2022-11-01,35320483040961.0
2022-11-02,34420490803028.0
2022-11-03,34022677284864.996
2022-11-04,34510204370357.0
2022-11-07,34850359577368.0
2022-11-08,35033581766737.0
2022-11-09,34299524456069.004
2022-11-10,36211385398278.0
2022-11-11,36563903972432.0
2022-11-14,36235921686071.0
2022-11-15,36588674902894.0
2022-11-16,36312380233791.0
2022-11-17,36199026606964.0
2022-11-18,36351731061473.0
2022-11-21,36180413790509.0
2022-11-22,36668719570837.0
2022-11-23,36901055468054.0
2022-11-24,36901055468054.0
2022-11-25,36875197981789.0
2022-11-28,36319030726184.0
2022-11-29,36247395526708.0
2022-11-30,37404221701150.0
2022-12-01,37379097629607.0
2022-12-02,37332406220883.0
2022-12-05,36672391521281.0
2022-12-06,36127065163176.0
2022-12-07,36028473177484.0
2022-12-08,36268447134238.0
2022-12-09,35997032943268.0
2022-12-12,36491069802745.0
2022-12-13,36771339180458.0
2022-12-14,36552249898330.0
2022-12-15,35624957879205.0
2022-12-16,35237436316559.0
2022-12-19,34915098897361.004
2022-12-20,34954517437982.996
2022-12-21,35463155304766.0
2022-12-22,34943747396637.996
2022-12-23,35159952620194.996
2022-12-26,35159332451194.0
2022-12-27,34993690113085.0
2022-12-28,34567995609148.0
2022-12-29,35180913527006.0
2022-12-30,35094238355165.0
2023-01-03,34861481332555.0
2023-01-04,35108156572746.0
2023-01-05,34687527207963.0
2023-01-06,35467720829894.0
2023-01-09,35454043861737.0
2023-01-10,35695654613701.0
2023-01-11,36183493209445.0
2023-01-12,36293220307355.0
2023-01-13,36450312941836.0
2023-01-16,36450154766754.0
2023-01-17,36372514378143.0
2023-01-18,35826299476368.0
2023-01-19,35590149335651.0
2023-01-20,36304295606554.0
2023-01-30,36684583324441.0
2023-01-31,37222176176978.0
2023-02-01,37619868120943.0
2023-02-02,38255157873524.0
2023-02-03,37832450595878.0
2023-02-06,37578359811598.0
2023-02-07,38097844139419.0
2023-02-08,37583815030105.0
2023-02-09,37208854409695.0
2023-02-10,37267896503460.0
2023-02-13,37679390888010.0
2023-02-14,37677035710138.0
2023-02-15,37809901834256.0
2023-02-16,37289998848634.0
2023-02-17,37184028930769.0
2023-02-20,37183340950097.0
2023-02-21,36436147524032.0
2023-02-22,36378031848922.0
2023-02-23,36544751651220.0
2023-02-24,36149899092209.0
2023-02-27,36263541227081.0
2023-02-28,36162041515864.0
2023-03-01,35997991904598.0
2023-03-02,36273763014757.0
2023-03-03,36864030180724.0
2023-03-06,36908235397797.0
2023-03-07,36347795184912.0
2023-03-08,36398955276507.0
2023-03-09,35726433033003.0
2023-03-10,35203766586513.0
2023-03-13,35165684858704.0
2023-03-14,35775187505385.0
2023-03-15,35604026249766.0
2023-03-16,36255819580087.0
2023-03-17,35897948046736.0
2023-03-20,36210781465619.0
2023-03-21,36717226168316.0
2023-03-22,36120376105418.0
2023-03-23,36252545475888.0
2023-03-24,36443681179372.0
2023-03-27,36462468837121.0
2023-03-28,36381650876528.0
2023-03-29,36884579136705.0
2023-03-30,37078425028665.0
2023-03-31,37568864014079.0
2023-04-03,37689023528512.0
2023-04-04,37486078951385.0
2023-04-06,37574075902109.0
2023-04-07,37574084495832.0
2023-04-10,37578187380659.0
2023-04-11,37564032986827.0
2023-04-12,37403400207659.0
2023-04-13,37923394708265.0
2023-04-14,37865999774891.0
2023-04-17,37941532054668.0
2023-04-18,37948166779132.0
2023-04-19,37943083535731.0
2023-04-20,37739011588404.0
2023-04-21,37776215341844.0
2023-04-24,37813909589208.0
2023-04-25,37211976999924.0
2023-04-26,37073294427069.0
2023-04-27,37827989365144.0
2023-04-28,38107807878361.0
2023-05-04,37145218830288.0
2023-05-05,37814158192235.0
2023-05-08,37857714883413.0
2023-05-09,37686326758448.0
2023-05-10,37910201217456.0
2023-05-11,37923179307540.0
2023-05-12,37876799613669.0
2023-05-15,37967154037051.0
2023-05-16,37780251698083.0
2023-05-17,38223815843783.0
2023-05-18,38595797860896.0
2023-05-19,38536487536551.0
2023-05-22,38574920821502.0
2023-05-23,38127603456893.0
2023-05-24,37844544687462.0
2023-05-25,38190471898303.0
2023-05-26,38678839095657.0
2023-05-29,38678802917233.0
2023-05-30,38665290483313.0
2023-05-31,38440034529539.0
2023-06-01,38816432293147.0
2023-06-02,39357947334937.0
2023-06-05,39306111519887.0
2023-06-06,39411291890737.0
2023-06-07,39190595394201.0
2023-06-08,39434533489536.0
2023-06-09,39484511072424.0
2023-06-12,39865568541650.0
2023-06-13,40128837909402.0
2023-06-14,40169400875204.0
2023-06-15,40657840160717.0
2023-06-16,40492495817826.0
2023-06-19,40567675986784.0
2023-06-20,40378399587507.0
2023-06-21,40139703829546.0
2023-06-26,39789762204137.0
2023-06-27,40227949923030.0
2023-06-28,40243848056632.0
2023-06-29,40398465448135.0
2023-06-30,40825708328994.0
2023-07-03,40851927180014.0
2023-07-04,40851927180014.0
2023-07-05,40806427062893.0
2023-07-06,40468241916762.0
2023-07-07,40343131715990.0
2023-07-10,40386564321120.0
2023-07-11,40656390473041.0
2023-07-12,40971806558093.0
2023-07-13,41360730762561.0
2023-07-14,41339577201194.0
2023-07-17,41478421006252.0
2023-07-18,41737467073655.0
2023-07-19,41821869897089.0
2023-07-20,41493861965832.0
2023-07-21,41427503902774.0
2023-07-24,41604283925992.0
2023-07-25,41726200219421.0
2023-07-26,41812115632962.0
2023-07-27,41560204057476.0
2023-07-28,41998993776595.0
2023-07-31,42049755720291.0
2023-08-01,41925632930440.0
2023-08-02,41344140587954.0
2023-08-03,41245868671096.0
2023-08-04,41036267054320.0
2023-08-07,41431248078085.0
2023-08-08,41270403270501.0
2023-08-09,40973481535999.0
2023-08-10,40985064814442.0
2023-08-11,40944279337467.0
2023-08-14,41190463810751.0
2023-08-15,40718513678045.0
2023-08-16,40406916677264.0
2023-08-17,40117639353922.0
2023-08-18,40079148192731.0
2023-08-21,40353911796772.0
2023-08-22,40261878016931.0
2023-08-23,40731202888386.0
2023-08-24,40161057962893.0
2023-08-25,40469068916916.0
2023-08-28,40724895834421.0
2023-08-29,41345109354290.0
2023-08-30,41512042914289.0
2023-08-31,41461724051370.0
2023-09-01,41519667663604.0
2023-09-04,41519667663604.0
2023-09-05,41358761762684.0
2023-09-06,41064721282989.0
2023-09-07,40960937412961.0
2023-09-08,41030653620841.0
2023-09-11,41316495524861.0
2023-09-12,41045016997382.0
2023-09-13,41121303298869.0
2023-09-14,41468457185658.0
2023-09-15,40981471760143.0
2023-09-18,41175733027112.0
2023-09-19,41092294862114.0
2023-09-20,40669410886765.0
2023-09-21,39980259884818.0
2023-09-22,39890523135834.0
2023-09-25,40038015458078.0
2023-09-26,39454230404639.0
2023-09-27,39484777264913.0
2023-09-28,39733511897775.0
2023-10-09,40178041377722.0
2023-10-10,40375894320355.0
2023-10-11,40575066453257.0
2023-10-12,40313823759334.0
2023-10-13,40092433787343.0
2023-10-16,40523401379981.0
2023-10-17,40528303003394.0
2023-10-18,39973241803381.0
2023-10-19,39637067216730.0
2023-10-20,39125239904578.0
2023-10-23,39086753388722.0
2023-10-24,39366047147352.0
2023-10-25,38632225208463.0
2023-10-26,38095631882112.0
2023-10-27,37901510202369.0
2023-10-30,38367126206320.0
2023-10-31,38665333903364.0
2023-11-01,39086510633877.0
2023-11-02,39773692271805.0
2023-11-03,40147911413518.0
2023-11-06,40236711035443.0
2023-11-07,40360605205253.0
2023-11-08,40413628108989.0
2023-11-09,40071990764237.0
2023-11-10,40695126936404.0
2023-11-13,40664667449491.0
2023-11-14,41426312208735.0
2023-11-15,41495495608796.0
2023-11-16,41551474244190.0
2023-11-17,41581572293602.0
2023-11-20,41885217538808.0
2023-11-21,41817358106679.0
2023-11-22,41998973379828.0
2023-11-23,41998973379828.0
2023-11-24,41998721326450.0
2023-11-27,41917343352486.0
2023-11-28,41970006896777.0
2023-11-29,41897415358365.0
2023-11-30,42008756985027.0
2023-12-01,42237479035889.0
2023-12-04,41983392957907.0
2023-12-05,41988104439516.0
2023-12-06,41817285986091.0
2023-12-07,42232753597413.0
2023-12-08,42371217204792.0
2023-12-11,42494236067762.0
2023-12-12,42651635087290.0
2023-12-13,43212366394218.0
2023-12-14,43364789616590.99
2023-12-15,43376597198977.0
2023-12-18,43763010205218.0
2023-12-19,44021339965764.0
2023-12-20,43426723590592.0
2023-12-21,43885449211892.99
2023-12-22,43964710984041.01
2023-12-25,43964710984041.01
2023-12-26,44021741245614.99
2023-12-27,44061763772943.0
2023-12-28,44073881561776.0
2023-12-29,43947330986961.0
2024-01-02,43688415105965.99
2024-01-03,43343106235998.0
2024-01-04,43164106425627.0
2024-01-05,43230171426413.0
2024-01-08,43857272261508.0
2024-01-09,43823239404530.0
2024-01-10,44080084477831.0
2024-01-11,44035216258586.0
2024-01-12,44074172553429.0
2024-01-15,44074172553429.0
2024-01-16,43908054457505.0
2024-01-17,43655403444368.0
2024-01-18,44053487598794.0
2024-01-19,44604338102826.01
2024-01-22,44687639581096.0
2024-01-23,44826013583079.01
2024-01-24,44877841980316.0
2024-01-25,45140225148798.0
2024-01-26,45122727916028.0
2024-01-29,45485395482701.0
2024-01-30,45411257657999.0
2024-01-31,44548681272900.0
2024-02-01,45091562519392.01
2024-02-02,45585529200736.0
2024-02-05,45455613154715.01
2024-02-06,45561813592640.0
2024-02-07,45930233988434.0
2024-02-08,45960354567234.0
2024-02-19,45953579918939.0
2024-02-20,45691731078105.0
2024-02-21,45791041266798.0
2024-02-22,46727812116311.0
2024-02-23,46744090827165.0
2024-02-26,46490920763602.0
2024-02-27,46584542739354.0
2024-02-28,46455679564594.0
2024-02-29,46715560227445.0
2024-03-01,47054427705814.0
2024-03-04,46945323786904.0
2024-03-05,46479670353888.0
2024-03-06,46685777414566.0
2024-03-07,47183851269468.0
2024-03-08,46901447131945.0
2024-03-11,46880383747783.0
2024-03-12,47406998849078.0
2024-03-13,46947454496255.0
2024-03-14,47250263233421.0
2024-03-15,46891406370967.0
2024-03-18,47129102315600.01
2024-03-19,47376437180919.0
2024-03-20,47807023927482.99
2024-03-21,47934458165197.0
2024-03-22,47910113786215.0
2024-03-25,47761941752662.0
2024-03-26,47639826239138.0
2024-03-27,48027773960199.0
2024-03-28,48076833348048.0
2024-03-29,48076821832983.0
2024-04-01,48050515329763.0
2024-04-02,47704990817531.99
2024-04-03,47757804031091.99
2024-04-08,47667334603673.0
2024-04-09,47757383064333.0
2024-04-10,47329546496111.0
2024-04-11,47714044960145.0
2024-04-12,47035230075800.0
2024-04-15,46457221734797.0
2024-04-16,46360806495521.0
2024-04-17,46117717506271.0
2024-04-18,46021989157362.0
2024-04-19,45601026945694.0
2024-04-22,46007516989184.0
2024-04-23,46541573453671.0
2024-04-24,46570527415223.0
2024-04-25,46296261410510.0
2024-04-26,46959374829698.0
2024-04-29,46987979035396.99
2024-04-30,46268467024408.0
2024-05-06,47609550493780.0
2024-05-07,47712180020339.0
2024-05-08,47651637452807.0
2024-05-09,47886121209234.0
2024-05-10,47935760959236.0
2024-05-13,47931746070157.0
2024-05-14,48135809685092.0
2024-05-15,48687609908962.0
2024-05-16,48627129200113.0
2024-05-17,48706327839363.0
2024-05-20,48758757062552.0
2024-05-21,48893920502510.01
2024-05-22,48746240362187.01
2024-05-23,48577031890142.0
2024-05-24,48920605945853.01
2024-05-27,48920605945853.01
2024-05-28,48948171122716.0
2024-05-29,48598110309397.0
2024-05-30,48269262159503.0
2024-05-31,48636728944947.01
2024-06-03,48699881615804.01
2024-06-04,48788704320219.0
2024-06-05,49358306319972.0
2024-06-06,49370553892074.0
2024-06-07,49285897386920.0
2024-06-11,49569033695841.0
2024-06-12,49993085372305.0
2024-06-13,50072359599963.0
2024-06-14,50071692696683.0
2024-06-17,50453999867327.99
2024-06-18,50537050281742.0
2024-06-19,50537050281742.0
2024-06-20,50435140584906.0
2024-06-21,50401886170312.01
2024-06-24,50265114815152.0
2024-06-25,50508795475238.0
2024-06-26,50592533643395.01
2024-06-27,50662019137858.0
2024-06-28,50406647900996.0
2024-07-01,50559229519040.0
2024-07-02,50899944546957.0
2024-07-03,51151264718080.0
2024-07-04,51151264718080.0
2024-07-05,51495819161579.0
2024-07-08,51519084856678.0
2024-07-09,51555853338945.0
2024-07-10,52079641650659.0
2024-07-11,51562457742805.99
2024-07-12,51818793857719.0
2024-07-15,51966911905414.0
2024-07-16,52243902038577.99
2024-07-17,51682037591852.0
2024-07-18,51242176337793.0
2024-07-19,50904885832615.0
2024-07-22,51472941957446.0
2024-07-23,51385344415356.0
2024-07-24,50114783900412.0
2024-07-25,49785820628840.0
2024-07-26,50299766985454.0
2024-07-29,50378186772861.0
2024-07-30,50138931955736.0
2024-07-31,50908088391160.0
2024-08-01,50220947343391.0
2024-08-02,49321624060666.0
2024-08-05,47817602863443.0
2024-08-06,48273432570241.0
2024-08-07,47909065285233.0
2024-08-08,49009082167427.0
2024-08-09,49271846415158.01
2024-08-12,49251655023982.0
2024-08-13,50066996246502.0
2024-08-14,50195950983037.01
2024-08-15,51001351817552.99
2024-08-16,51115930343174.0
2024-08-19,51629475652312.0
2024-08-20,51548807232057.0
2024-08-21,51741568988549.0
2024-08-22,51274036600112.0
2024-08-23,51851751616126.0
2024-08-26,51702447785389.99
2024-08-27,51753591093757.0
2024-08-28,51420943170683.0
2024-08-29,51411855035295.0
2024-08-30,51933260252613.0
2024-09-02,51933260252613.0
2024-09-03,50817011171550.0
2024-09-04,50728301459954.01
2024-09-05,50606248277284.0
2024-09-06,49677599720539.0
2024-09-09,50195600780190.0
2024-09-10,50821350341434.0
2024-09-11,51366472950016.0
2024-09-12,51789353236158.0
2024-09-13,52089663859391.0
2024-09-18,52059178116500.0
2024-09-19,52932446661980.0
2024-09-20,52864349523523.0
2024-09-23,53160639523525.0
2024-09-24,53288887438954.0
2024-09-25,53208845109247.0
2024-09-26,53417672873441.0
2024-09-27,53374200593970.0
2024-09-30,53619158274409.0
2024-10-08,53492793979172.0
2024-10-09,53823512859556.0
2024-10-10,53691045995905.0
2024-10-11,54021830497622.0
2024-10-14,54432542341469.0
2024-10-15,54058305448477.0
2024-10-16,54294119267116.0
2024-10-17,54255885789941.0
2024-10-18,54462881567324.0
2024-10-21,54365847781459.0
2024-10-22,54352617343955.0
2024-10-23,53841668776996.0
2024-10-24,53973635513005.0
2024-10-25,53983956944539.0
2024-10-28,54138469153805.0
2024-10-29,54269056299489.0
2024-10-30,54148943116688.99
2024-10-31,53103344585756.0
2024-11-01,53323231130766.0
2024-11-04,53138111099338.0
2024-11-05,53772017560620.0
2024-11-06,55171634242129.0
2024-11-07,55607109694417.0
2024-11-08,55789062750117.0
2024-11-11,55888067862639.0
2024-11-12,55748436191031.0
2024-11-13,55729637778971.01
2024-11-14,55346543878413.0
2024-11-15,54606906958106.0
2024-11-18,54847785537261.0
2024-11-19,55093355010635.99
2024-11-20,55070281703200.0
2024-11-21,55239604001667.0
2024-11-22,55401199204186.0
2024-11-25,55595752085676.0
2024-11-26,55952524054708.99
2024-11-27,55743062075637.0
2024-11-28,55743062075637.0
2024-11-29,56043296555186.01
2024-12-02,56206332362317.0
2024-12-03,56237280568246.0
2024-12-04,56599303379620.0
2024-12-05,56482005798676.01
2024-12-06,56669522171737.0
2024-12-09,56283364866367.0
2024-12-10,56257772736969.99
2024-12-11,56841613896110.0
2024-12-12,56494654357545.99
2024-12-13,56461382986311.0
2024-12-16,56764313752182.0
2024-12-17,56542707113039.0
2024-12-18,54850745221716.99
2024-12-19,54826819744615.0
2024-12-20,55417210496127.01
2024-12-23,56003858155607.01
2024-12-24,56628103660944.99
2024-12-25,56635224240229.0
2024-12-26,56602264792025.0
2024-12-27,55961666016099.01
2024-12-30,55365330794993.0
2024-12-31,55097225691044.0
2025-01-02,54992426350284.01
2025-01-03,55687882642970.0
2025-01-06,56039543364296.0
2025-01-07,55430615734324.0
2025-01-08,55499985681239.01
2025-01-09,55499422353855.0
2025-01-10,54645816932824.0
2025-01-13,54708541337889.99
2025-01-14,54739232701060.0
2025-01-15,55774800617442.0
2025-01-16,55633937607027.0
2025-01-17,56199117668528.0
2025-01-20,56199117668528.0
2025-01-21,56710207632775.0
2025-01-22,57042441803589.0
2025-01-23,57319901820850.0
2025-01-24,57256749638267.0
2025-01-27,56360562668583.0
2025-02-05,57146132431583.99
2025-02-06,57380725979432.0
2025-02-07,56780863044837.0
2025-02-10,57161535505628.01
2025-02-11,57147907269658.0
2025-02-12,56976738346149.0
2025-02-13,57583060969596.01
2025-02-14,57560005187803.0
